panel,city_id,city_display,selection_role,transition_index,previous_cohort,current_cohort,route,event_proportion_per_risk_unit,event_proportion_per_1000_risk_units,mean_pv_area_per_event_m2,eligible_observation_definition,roof_area_yield_rr_new_to_retrofit,building_count_area_yield_rr_new_to_retrofit,information_gate_eligible,status
c,miami,Miami,frequency-variation exemplar,1,2010_2012,2013_2015,newly_observed,0.0032296395600377808,3.2296395600377807,64.03722023173353,Building first observed in this transition,0.9333935477715057,0.7160162876049283,True,REPRODUCED descriptive
c,miami,Miami,frequency-variation exemplar,1,2010_2012,2013_2015,existing,0.006490188922886899,6.490188922886899,44.504741952134246,existing Building carried into this transition,0.9333935477715057,0.7160162876049283,True,REPRODUCED descriptive
c,miami,Miami,frequency-variation exemplar,2,2013_2015,2016_2018,newly_observed,0.006355025970058051,6.35502597005805,128.05482176910934,Building first observed in this transition,3.943965457573403,4.408858665054396,True,REPRODUCED descriptive
c,miami,Miami,frequency-variation exemplar,2,2013_2015,2016_2018,existing,0.004829066593355937,4.829066593355937,38.22292289936357,existing Building carried into this transition,3.943965457573403,4.408858665054396,True,REPRODUCED descriptive
c,miami,Miami,frequency-variation exemplar,3,2016_2018,2019_2021,newly_observed,0.009880557813770246,9.880557813770245,68.62166777548853,Building first observed in this transition,1.5174559653825124,1.6992942980576438,True,REPRODUCED descriptive
c,miami,Miami,frequency-variation exemplar,3,2016_2018,2019_2021,existing,0.008430006667126469,8.430006667126468,47.3310582062829,existing Building carried into this transition,1.5174559653825124,1.6992942980576438,True,REPRODUCED descriptive
c,miami,Miami,frequency-variation exemplar,4,2019_2021,2024_now,newly_observed,0.02727272727272727,27.27272727272727,47.45562284276609,Building first observed in this transition,1.8301002223806504,1.4950881178695505,True,REPRODUCED descriptive
c,miami,Miami,frequency-variation exemplar,4,2019_2021,2024_now,existing,0.023051296245957555,23.051296245957555,37.55381869513101,existing Building carried into this transition,1.8301002223806504,1.4950881178695505,True,REPRODUCED descriptive
c,new_york_city,New York City,denominator-sensitivity exemplar,1,cohort_nyc_2010,cohort_nyc_2014,newly_observed,0.002246439154956505,2.246439154956505,223.25297815244093,Building first observed in this transition,2.132807095835538,1.287155821763282,True,REPRODUCED descriptive
c,new_york_city,New York City,denominator-sensitivity exemplar,1,cohort_nyc_2010,cohort_nyc_2014,existing,0.0022342906534892444,2.234290653489244,174.38981906115683,existing Building carried into this transition,2.132807095835538,1.287155821763282,True,REPRODUCED descriptive
c,new_york_city,New York City,denominator-sensitivity exemplar,2,cohort_nyc_2014,cohort_nyc_2018,newly_observed,0.010085610413979125,10.085610413979126,163.5605283726007,Building first observed in this transition,2.016428024195056,1.410960828488984,True,REPRODUCED descriptive
c,new_york_city,New York City,denominator-sensitivity exemplar,2,cohort_nyc_2014,cohort_nyc_2018,existing,0.017693173157187964,17.693173157187964,66.07847452228583,existing Building carried into this transition,2.016428024195056,1.410960828488984,True,REPRODUCED descriptive
c,new_york_city,New York City,denominator-sensitivity exemplar,3,cohort_nyc_2018,cohort_nyc_2020,newly_observed,0.004749930148086058,4.749930148086057,61.03617078813665,Building first observed in this transition,0.7932568674674687,0.4859868423636507,True,REPRODUCED descriptive
c,new_york_city,New York City,denominator-sensitivity exemplar,3,cohort_nyc_2018,cohort_nyc_2020,existing,0.011998185114274727,11.998185114274726,49.72037930093754,existing Building carried into this transition,0.7932568674674687,0.4859868423636507,True,REPRODUCED descriptive
c,new_york_city,New York City,denominator-sensitivity exemplar,4,cohort_nyc_2020,cohort_nyc_2022,newly_observed,0.00894308943089431,8.94308943089431,207.04670409565054,Building first observed in this transition,4.7960540813037,2.258179488028194,True,REPRODUCED descriptive
c,new_york_city,New York City,denominator-sensitivity exemplar,4,cohort_nyc_2020,cohort_nyc_2022,existing,0.010361690995010733,10.361690995010733,79.13467085702635,existing Building carried into this transition,4.7960540813037,2.258179488028194,True,REPRODUCED descriptive
c,new_york_city,New York City,denominator-sensitivity exemplar,5,cohort_nyc_2022,cohort_nyc_2024,newly_observed,0.009362575349493396,9.362575349493396,67.97440027381744,Building first observed in this transition,1.8734635171011356,0.7415387633180476,True,REPRODUCED descriptive
c,new_york_city,New York City,denominator-sensitivity exemplar,5,cohort_nyc_2022,cohort_nyc_2024,existing,0.019940053446324962,19.940053446324963,43.040819734228215,existing Building carried into this transition,1.8734635171011356,0.7415387633180476,True,REPRODUCED descriptive
c,boston,Boston,system-size-variation exemplar,1,2011_2012,2013_2014,newly_observed,0.0009349154980222941,0.9349154980222941,109.39501181185167,Building first observed in this transition,0.44580217113901777,0.3125345831540667,True,REPRODUCED descriptive
c,boston,Boston,system-size-variation exemplar,1,2011_2012,2013_2014,existing,0.0029289503435081313,2.928950343508131,111.72742485687131,existing Building carried into this transition,0.44580217113901777,0.3125345831540667,True,REPRODUCED descriptive
c,boston,Boston,system-size-variation exemplar,2,2013_2014,2019,newly_observed,0.007481612985036774,7.481612985036774,486.6090110430571,Building first observed in this transition,2.987091793463556,2.787444567527294,True,REPRODUCED descriptive
c,boston,Boston,system-size-variation exemplar,2,2013_2014,2019,existing,0.020022583651341075,20.022583651341076,65.23024798049174,existing Building carried into this transition,2.987091793463556,2.787444567527294,True,REPRODUCED descriptive
c,boston,Boston,system-size-variation exemplar,3,2019,2021,newly_observed,0.00187207488299532,1.87207488299532,40.17472771594593,Building first observed in this transition,0.20694917163190252,0.12553582860004514,False,REPRODUCED descriptive
c,boston,Boston,system-size-variation exemplar,3,2019,2021,existing,0.008591106117641469,8.591106117641468,69.73637712150413,existing Building carried into this transition,0.20694917163190252,0.12553582860004514,False,REPRODUCED descriptive
c,boston,Boston,system-size-variation exemplar,4,2021,2023,newly_observed,0.004464285714285714,4.464285714285714,400.7525510657578,Building first observed in this transition,6.560873118811684,3.643753545533128,True,REPRODUCED descriptive
c,boston,Boston,system-size-variation exemplar,4,2021,2023,existing,0.009662344009312776,9.662344009312775,50.815568303763555,existing Building carried into this transition,6.560873118811684,3.643753545533128,True,REPRODUCED descriptive
c,boston,Boston,system-size-variation exemplar,5,2023,2025,newly_observed,0.004700777436268306,4.700777436268306,79.88106909894161,Building first observed in this transition,1.6249558586974786,0.6034641907288668,True,REPRODUCED descriptive
c,boston,Boston,system-size-variation exemplar,5,2023,2025,existing,0.018153454356362377,18.153454356362378,34.27699776842462,existing Building carried into this transition,1.6249558586974786,0.6034641907288668,True,REPRODUCED descriptive
