panel,city_id,city_display,city_order,native_transition_count,eligible_transition_count,masked_transition_count,roof_ratio_above_one_count,roof_ratio_below_one_count,roof_ratio_direction_switch_observed,building_area_ratio_above_one_count,building_area_ratio_below_one_count,building_area_ratio_direction_switch_observed,largest_eligible_transition_share_of_strict_pv_area,eligible_strict_pv_area_m2,summary_estimand,status
d,detroit,Detroit,1,4,3,1,3,0,False,3,0,False,0.6157588537168519,82377.03517452514,roof-area-normalized ratio primary; Building-count-normalized area-yield switch comparator,REPRODUCED descriptive
d,denver,Denver,2,4,4,0,4,0,False,4,0,False,0.2964846682913877,917589.1509752492,roof-area-normalized ratio primary; Building-count-normalized area-yield switch comparator,REPRODUCED descriptive
d,minneapolis,Minneapolis,3,4,2,2,2,0,False,2,0,False,0.7174374178400186,251674.67976937722,roof-area-normalized ratio primary; Building-count-normalized area-yield switch comparator,REPRODUCED descriptive
d,los_angeles,Los Angeles,4,4,4,0,4,0,False,4,0,False,0.3454377828035641,6113740.663779084,roof-area-normalized ratio primary; Building-count-normalized area-yield switch comparator,REPRODUCED descriptive
d,dallas,Dallas,5,5,4,1,4,0,False,4,0,False,0.4697800518723432,457518.948030684,roof-area-normalized ratio primary; Building-count-normalized area-yield switch comparator,REPRODUCED descriptive
d,miami,Miami,6,4,4,0,3,1,True,3,1,True,0.5033467870617218,1958963.587659237,roof-area-normalized ratio primary; Building-count-normalized area-yield switch comparator,REPRODUCED descriptive
d,philadelphia,Philadelphia,7,6,3,3,3,0,False,2,1,True,0.3931669007567018,110393.30269673505,roof-area-normalized ratio primary; Building-count-normalized area-yield switch comparator,REPRODUCED descriptive
d,atlanta,Atlanta,8,4,1,3,1,0,False,1,0,False,1.0,39416.665193549976,roof-area-normalized ratio primary; Building-count-normalized area-yield switch comparator,REPRODUCED descriptive
d,charlotte,Charlotte,9,3,3,0,2,1,True,2,1,True,0.6074423410747556,24800.539152566562,roof-area-normalized ratio primary; Building-count-normalized area-yield switch comparator,REPRODUCED descriptive
d,seattle,Seattle,10,4,4,0,4,0,False,4,0,False,0.5266659222148032,228291.9618414223,roof-area-normalized ratio primary; Building-count-normalized area-yield switch comparator,REPRODUCED descriptive
d,chicago,Chicago,11,5,5,0,5,0,False,2,3,True,0.43672174386246704,1445102.724812,roof-area-normalized ratio primary; Building-count-normalized area-yield switch comparator,REPRODUCED descriptive
d,washington_dc,Washington DC,12,5,4,1,4,0,False,4,0,False,0.2811933108894355,884602.3789618617,roof-area-normalized ratio primary; Building-count-normalized area-yield switch comparator,REPRODUCED descriptive
d,phoenix,Phoenix,13,5,5,0,5,0,False,4,1,True,0.22321369787720172,4606525.79486642,roof-area-normalized ratio primary; Building-count-normalized area-yield switch comparator,REPRODUCED descriptive
d,new_york_city,New York City,14,5,5,0,4,1,True,3,2,True,0.3081390246069515,1927392.4168828032,roof-area-normalized ratio primary; Building-count-normalized area-yield switch comparator,REPRODUCED descriptive
d,boston,Boston,15,5,4,1,3,1,True,2,2,True,0.4875913044917948,846447.4196127518,roof-area-normalized ratio primary; Building-count-normalized area-yield switch comparator,REPRODUCED descriptive
