panel,city_id,city_name,display_order,component,existing_to_new_ratio,log2_contribution,status
c,washington_dc,Washington DC,1,stock_exposure,43.71967234429853,5.450210683705346,REPRODUCED
c,washington_dc,Washington DC,1,event_intensity,1.5739359908752737,0.6543768702453016,REPRODUCED
c,washington_dc,Washington DC,1,event_footprint,0.32204607183809414,-1.6346610001571114,REPRODUCED
c,washington_dc,Washington DC,1,total_pv_area,22.16062328520082,4.469926553793536,REPRODUCED
c,los_angeles,Los Angeles,2,stock_exposure,40.39654253161329,5.3361599154399375,REPRODUCED
c,los_angeles,Los Angeles,2,event_intensity,0.7889437663913332,-0.3420056220752037,REPRODUCED
c,los_angeles,Los Angeles,2,event_footprint,0.31365463849047764,-1.6727511967446052,REPRODUCED
c,los_angeles,Los Angeles,2,total_pv_area,9.996361651352315,3.321403096620129,REPRODUCED
c,phoenix,Phoenix,3,stock_exposure,15.986776348275281,3.99880715095233,REPRODUCED
c,phoenix,Phoenix,3,event_intensity,1.715960195245106,0.7790160873429743,REPRODUCED
c,phoenix,Phoenix,3,event_footprint,0.5407268446862155,-0.887028113288409,REPRODUCED
c,phoenix,Phoenix,3,total_pv_area,14.833582098293183,3.890795125006895,REPRODUCED
c,denver,Denver,4,stock_exposure,46.22115324284191,5.530481351165704,REPRODUCED
c,denver,Denver,4,event_intensity,0.5247339238632062,-0.9303420321657476,REPRODUCED
c,denver,Denver,4,event_footprint,0.4856117130513812,-1.0421248747819392,REPRODUCED
c,denver,Denver,4,total_pv_area,11.777932817053294,3.5580144442180166,REPRODUCED
c,boston,Boston,5,stock_exposure,44.27960258919163,5.468570368832137,REPRODUCED
c,boston,Boston,5,event_intensity,3.417351481699553,1.7728786395807168,REPRODUCED
c,boston,Boston,5,event_footprint,0.17487263788193333,-2.515623524782746,REPRODUCED
c,boston,Boston,5,total_pv_area,26.461546661565308,4.725825483630108,REPRODUCED
c,dallas,Dallas,6,stock_exposure,30.032941176470587,4.908473862254247,REPRODUCED
c,dallas,Dallas,6,event_intensity,0.8764805124000292,-0.19020608031599334,REPRODUCED
c,dallas,Dallas,6,event_footprint,0.24672943694468225,-2.0189982430491624,REPRODUCED
c,dallas,Dallas,6,total_pv_area,6.494729945656185,2.6992695388890926,REPRODUCED
c,new_york_city,New York City,7,stock_exposure,55.30421206334943,5.789317457652833,REPRODUCED
c,new_york_city,New York City,7,event_intensity,2.1710173921738054,1.1183712835313133,REPRODUCED
c,new_york_city,New York City,7,event_footprint,0.4209873090049438,-1.2481513521220613,REPRODUCED
c,new_york_city,New York City,7,total_pv_area,50.54643326908187,5.659537389062084,REPRODUCED
c,miami,Miami,8,stock_exposure,50.2709386970963,5.651652723268202,REPRODUCED
c,miami,Miami,8,event_intensity,0.9840026533515115,-0.023265889107495226,REPRODUCED
c,miami,Miami,8,event_footprint,0.6576081535408222,-0.6046999080940655,REPRODUCED
c,miami,Miami,8,total_pv_area,32.52972962261861,5.023686926066642,REPRODUCED
c,minneapolis,Minneapolis,9,stock_exposure,31.89137389655785,4.9950943458502195,REPRODUCED
c,minneapolis,Minneapolis,9,event_intensity,0.6073528924982683,-0.7193930803475702,REPRODUCED
c,minneapolis,Minneapolis,9,event_footprint,0.8567488188796364,-0.22305579705177264,REPRODUCED
c,minneapolis,Minneapolis,9,total_pv_area,16.594640474776593,4.052645468450876,REPRODUCED
c,atlanta,Atlanta,10,stock_exposure,10.179628748215135,3.347613042069579,REPRODUCED
c,atlanta,Atlanta,10,event_intensity,1.1992374682556752,0.2621173638005195,REPRODUCED
c,atlanta,Atlanta,10,event_footprint,0.6847462118350396,-0.5463587152373509,REPRODUCED
c,atlanta,Atlanta,10,total_pv_area,8.35923946915503,3.0633716906327475,REPRODUCED
c,philadelphia,Philadelphia,11,stock_exposure,44.92043634907926,5.4893000367753695,REPRODUCED
c,philadelphia,Philadelphia,11,event_intensity,1.017502731083856,0.025032666841249603,REPRODUCED
c,philadelphia,Philadelphia,11,event_footprint,0.8260731321721692,-0.2756585859403423,REPRODUCED
c,philadelphia,Philadelphia,11,total_pv_area,37.75704929448261,5.238674117676276,REPRODUCED
c,seattle,Seattle,12,stock_exposure,19.74240014540828,4.30322548829794,REPRODUCED
c,seattle,Seattle,12,event_intensity,1.3208966341905397,0.4015175739462838,REPRODUCED
c,seattle,Seattle,12,event_footprint,0.42055645056466,-1.2496286309500892,REPRODUCED
c,seattle,Seattle,12,total_pv_area,10.967132293365792,3.455114431294134,REPRODUCED
c,detroit,Detroit,13,stock_exposure,36.25047256001512,5.179927897064497,REPRODUCED
c,detroit,Detroit,13,event_intensity,0.4043504457100515,-1.30632189316805,REPRODUCED
c,detroit,Detroit,13,event_footprint,0.4529650053437204,-1.1425284984066706,REPRODUCED
c,detroit,Detroit,13,total_pv_area,6.639513367801377,2.731077505489776,REPRODUCED
c,chicago,Chicago,14,stock_exposure,35.546494460654955,5.1516353854325265,REPRODUCED
c,chicago,Chicago,14,event_intensity,1.5594808410844943,0.6410658286709133,REPRODUCED
c,chicago,Chicago,14,event_footprint,0.796582141022489,-0.32810495933177125,REPRODUCED
c,chicago,Chicago,14,total_pv_area,44.15779580528114,5.464596254771669,REPRODUCED
c,charlotte,Charlotte,15,stock_exposure,10.577822263530422,3.4029707343433735,REPRODUCED
c,charlotte,Charlotte,15,event_intensity,1.209693077512177,0.27464105434345715,REPRODUCED
c,charlotte,Charlotte,15,event_footprint,1.007126624949424,0.01024508324732989,REPRODUCED
c,charlotte,Charlotte,15,total_pv_area,12.887110078434466,3.6878568719341605,REPRODUCED
c,all_cities_pooled,All cities,16,stock_exposure,33.358588125476956,5.059986324093281,REPRODUCED
c,all_cities_pooled,All cities,16,event_intensity,1.0772391066951164,0.10733850963753222,REPRODUCED
c,all_cities_pooled,All cities,16,event_footprint,0.4237210778297558,-1.2388131981324313,REPRODUCED
c,all_cities_pooled,All cities,16,total_pv_area,15.226491368122433,3.9285116355983827,REPRODUCED
