panel,city_id,curve_definition,display_order,lag_bin_start_years,lag_bin_end_years,pv_area_share_of_all_resolved_percent,interval_resolved_target_count,interval_resolved_pv_area_m2,building_left_censored_area_share_percent,composition_left_censored_percent,composition_cohort_contemporaneous_percent,composition_between_cohort_percent,status
c,dallas,annual_share_all_resolved_denominator,1,0.0,1.0,9.800976995232737,1544,143610.39452386912,78.25693429482018,79.30034239571718,12.195174556860243,8.504483047422436,REPRODUCED
c,dallas,annual_share_all_resolved_denominator,1,1.0,2.0,0.0,1544,143610.39452386912,78.25693429482018,79.30034239571718,12.195174556860243,8.504483047422436,REPRODUCED
c,dallas,annual_share_all_resolved_denominator,1,2.0,3.0,1.2784831492426905,1544,143610.39452386912,78.25693429482018,79.30034239571718,12.195174556860243,8.504483047422436,REPRODUCED
c,dallas,annual_share_all_resolved_denominator,1,3.0,4.0,0.0,1544,143610.39452386912,78.25693429482018,79.30034239571718,12.195174556860243,8.504483047422436,REPRODUCED
c,dallas,annual_share_all_resolved_denominator,1,4.0,5.0,1.6716504692242706,1544,143610.39452386912,78.25693429482018,79.30034239571718,12.195174556860243,8.504483047422436,REPRODUCED
c,dallas,annual_share_all_resolved_denominator,1,5.0,6.0,0.07199022760365917,1544,143610.39452386912,78.25693429482018,79.30034239571718,12.195174556860243,8.504483047422436,REPRODUCED
c,dallas,annual_share_all_resolved_denominator,1,6.0,7.0,0.6164877302143209,1544,143610.39452386912,78.25693429482018,79.30034239571718,12.195174556860243,8.504483047422436,REPRODUCED
c,dallas,annual_share_all_resolved_denominator,1,7.0,8.0,1.0551632542556393,1544,143610.39452386912,78.25693429482018,79.30034239571718,12.195174556860243,8.504483047422436,REPRODUCED
c,dallas,annual_share_all_resolved_denominator,1,8.0,9.0,0.9296507715607509,1544,143610.39452386912,78.25693429482018,79.30034239571718,12.195174556860243,8.504483047422436,REPRODUCED
c,dallas,annual_share_all_resolved_denominator,1,9.0,10.0,0.0,1544,143610.39452386912,78.25693429482018,79.30034239571718,12.195174556860243,8.504483047422436,REPRODUCED
c,dallas,annual_share_all_resolved_denominator,1,10.0,11.0,0.0,1544,143610.39452386912,78.25693429482018,79.30034239571718,12.195174556860243,8.504483047422436,REPRODUCED
c,dallas,annual_share_all_resolved_denominator,1,11.0,12.0,1.4213153354923156,1544,143610.39452386912,78.25693429482018,79.30034239571718,12.195174556860243,8.504483047422436,REPRODUCED
c,dallas,annual_share_all_resolved_denominator,1,12.0,13.0,0.0,1544,143610.39452386912,78.25693429482018,79.30034239571718,12.195174556860243,8.504483047422436,REPRODUCED
c,dallas,annual_share_all_resolved_denominator,1,13.0,14.0,0.0,1544,143610.39452386912,78.25693429482018,79.30034239571718,12.195174556860243,8.504483047422436,REPRODUCED
c,dallas,annual_share_all_resolved_denominator,1,14.0,15.0,0.0,1544,143610.39452386912,78.25693429482018,79.30034239571718,12.195174556860243,8.504483047422436,REPRODUCED
c,detroit,annual_share_all_resolved_denominator,2,0.0,1.0,10.640111008327684,368,23333.02063270376,79.50896397747543,79.81960679681922,10.681682095616585,9.498711107564159,REPRODUCED
c,detroit,annual_share_all_resolved_denominator,2,1.0,2.0,0.0,368,23333.02063270376,79.50896397747543,79.81960679681922,10.681682095616585,9.498711107564159,REPRODUCED
c,detroit,annual_share_all_resolved_denominator,2,2.0,3.0,2.4116859476297607,368,23333.02063270376,79.50896397747543,79.81960679681922,10.681682095616585,9.498711107564159,REPRODUCED
c,detroit,annual_share_all_resolved_denominator,2,3.0,4.0,1.619292486459955,368,23333.02063270376,79.50896397747543,79.81960679681922,10.681682095616585,9.498711107564159,REPRODUCED
c,detroit,annual_share_all_resolved_denominator,2,4.0,5.0,0.0,368,23333.02063270376,79.50896397747543,79.81960679681922,10.681682095616585,9.498711107564159,REPRODUCED
c,detroit,annual_share_all_resolved_denominator,2,5.0,6.0,2.6787240987878675,368,23333.02063270376,79.50896397747543,79.81960679681922,10.681682095616585,9.498711107564159,REPRODUCED
c,detroit,annual_share_all_resolved_denominator,2,6.0,7.0,0.4925971849268821,368,23333.02063270376,79.50896397747543,79.81960679681922,10.681682095616585,9.498711107564159,REPRODUCED
c,detroit,annual_share_all_resolved_denominator,2,7.0,8.0,0.0,368,23333.02063270376,79.50896397747543,79.81960679681922,10.681682095616585,9.498711107564159,REPRODUCED
c,detroit,annual_share_all_resolved_denominator,2,8.0,9.0,0.0,368,23333.02063270376,79.50896397747543,79.81960679681922,10.681682095616585,9.498711107564159,REPRODUCED
c,detroit,annual_share_all_resolved_denominator,2,9.0,10.0,2.2594442019095125,368,23333.02063270376,79.50896397747543,79.81960679681922,10.681682095616585,9.498711107564159,REPRODUCED
c,detroit,annual_share_all_resolved_denominator,2,10.0,11.0,0.0,368,23333.02063270376,79.50896397747543,79.81960679681922,10.681682095616585,9.498711107564159,REPRODUCED
c,detroit,annual_share_all_resolved_denominator,2,11.0,12.0,0.0,368,23333.02063270376,79.50896397747543,79.81960679681922,10.681682095616585,9.498711107564159,REPRODUCED
c,detroit,annual_share_all_resolved_denominator,2,12.0,13.0,0.0,368,23333.02063270376,79.50896397747543,79.81960679681922,10.681682095616585,9.498711107564159,REPRODUCED
c,detroit,annual_share_all_resolved_denominator,2,13.0,14.0,0.0,368,23333.02063270376,79.50896397747543,79.81960679681922,10.681682095616585,9.498711107564159,REPRODUCED
c,detroit,annual_share_all_resolved_denominator,2,14.0,15.0,0.0,368,23333.02063270376,79.50896397747543,79.81960679681922,10.681682095616585,9.498711107564159,REPRODUCED
c,phoenix,annual_share_all_resolved_denominator,3,0.0,1.0,6.327937408190544,15175,973755.7583284145,79.46235974048103,79.94969535644813,6.366746087981748,13.6835585555704,REPRODUCED
c,phoenix,annual_share_all_resolved_denominator,3,1.0,2.0,0.0,15175,973755.7583284145,79.46235974048103,79.94969535644813,6.366746087981748,13.6835585555704,REPRODUCED
c,phoenix,annual_share_all_resolved_denominator,3,2.0,3.0,2.548931661785075,15175,973755.7583284145,79.46235974048103,79.94969535644813,6.366746087981748,13.6835585555704,REPRODUCED
c,phoenix,annual_share_all_resolved_denominator,3,3.0,4.0,1.1896622312690308,15175,973755.7583284145,79.46235974048103,79.94969535644813,6.366746087981748,13.6835585555704,REPRODUCED
c,phoenix,annual_share_all_resolved_denominator,3,4.0,5.0,0.0,15175,973755.7583284145,79.46235974048103,79.94969535644813,6.366746087981748,13.6835585555704,REPRODUCED
c,phoenix,annual_share_all_resolved_denominator,3,5.0,6.0,3.7775571601364986,15175,973755.7583284145,79.46235974048103,79.94969535644813,6.366746087981748,13.6835585555704,REPRODUCED
c,phoenix,annual_share_all_resolved_denominator,3,6.0,7.0,0.7456768053036333,15175,973755.7583284145,79.46235974048103,79.94969535644813,6.366746087981748,13.6835585555704,REPRODUCED
c,phoenix,annual_share_all_resolved_denominator,3,7.0,8.0,0.0,15175,973755.7583284145,79.46235974048103,79.94969535644813,6.366746087981748,13.6835585555704,REPRODUCED
c,phoenix,annual_share_all_resolved_denominator,3,8.0,9.0,2.8903657521798025,15175,973755.7583284145,79.46235974048103,79.94969535644813,6.366746087981748,13.6835585555704,REPRODUCED
c,phoenix,annual_share_all_resolved_denominator,3,9.0,10.0,0.0,15175,973755.7583284145,79.46235974048103,79.94969535644813,6.366746087981748,13.6835585555704,REPRODUCED
c,phoenix,annual_share_all_resolved_denominator,3,10.0,11.0,0.0,15175,973755.7583284145,79.46235974048103,79.94969535644813,6.366746087981748,13.6835585555704,REPRODUCED
c,phoenix,annual_share_all_resolved_denominator,3,11.0,12.0,2.4479564289843108,15175,973755.7583284145,79.46235974048103,79.94969535644813,6.366746087981748,13.6835585555704,REPRODUCED
c,phoenix,annual_share_all_resolved_denominator,3,12.0,13.0,0.0,15175,973755.7583284145,79.46235974048103,79.94969535644813,6.366746087981748,13.6835585555704,REPRODUCED
c,phoenix,annual_share_all_resolved_denominator,3,13.0,14.0,0.0,15175,973755.7583284145,79.46235974048103,79.94969535644813,6.366746087981748,13.6835585555704,REPRODUCED
c,phoenix,annual_share_all_resolved_denominator,3,14.0,15.0,0.0,15175,973755.7583284145,79.46235974048103,79.94969535644813,6.366746087981748,13.6835585555704,REPRODUCED
c,charlotte,annual_share_all_resolved_denominator,4,0.0,1.0,6.1386752556600666,171,5242.454936633395,82.26046283642468,82.26046283642468,6.1386752556600666,11.60086190791523,REPRODUCED
c,charlotte,annual_share_all_resolved_denominator,4,1.0,2.0,0.0,171,5242.454936633395,82.26046283642468,82.26046283642468,6.1386752556600666,11.60086190791523,REPRODUCED
c,charlotte,annual_share_all_resolved_denominator,4,2.0,3.0,0.0,171,5242.454936633395,82.26046283642468,82.26046283642468,6.1386752556600666,11.60086190791523,REPRODUCED
c,charlotte,annual_share_all_resolved_denominator,4,3.0,4.0,0.0,171,5242.454936633395,82.26046283642468,82.26046283642468,6.1386752556600666,11.60086190791523,REPRODUCED
c,charlotte,annual_share_all_resolved_denominator,4,4.0,5.0,5.534671475384888,171,5242.454936633395,82.26046283642468,82.26046283642468,6.1386752556600666,11.60086190791523,REPRODUCED
c,charlotte,annual_share_all_resolved_denominator,4,5.0,6.0,0.0,171,5242.454936633395,82.26046283642468,82.26046283642468,6.1386752556600666,11.60086190791523,REPRODUCED
c,charlotte,annual_share_all_resolved_denominator,4,6.0,7.0,0.0,171,5242.454936633395,82.26046283642468,82.26046283642468,6.1386752556600666,11.60086190791523,REPRODUCED
c,charlotte,annual_share_all_resolved_denominator,4,7.0,8.0,0.0,171,5242.454936633395,82.26046283642468,82.26046283642468,6.1386752556600666,11.60086190791523,REPRODUCED
c,charlotte,annual_share_all_resolved_denominator,4,8.0,9.0,5.9957631652563945,171,5242.454936633395,82.26046283642468,82.26046283642468,6.1386752556600666,11.60086190791523,REPRODUCED
c,charlotte,annual_share_all_resolved_denominator,4,9.0,10.0,0.0,171,5242.454936633395,82.26046283642468,82.26046283642468,6.1386752556600666,11.60086190791523,REPRODUCED
c,charlotte,annual_share_all_resolved_denominator,4,10.0,11.0,0.0,171,5242.454936633395,82.26046283642468,82.26046283642468,6.1386752556600666,11.60086190791523,REPRODUCED
c,charlotte,annual_share_all_resolved_denominator,4,11.0,12.0,0.0,171,5242.454936633395,82.26046283642468,82.26046283642468,6.1386752556600666,11.60086190791523,REPRODUCED
c,charlotte,annual_share_all_resolved_denominator,4,12.0,13.0,0.0,171,5242.454936633395,82.26046283642468,82.26046283642468,6.1386752556600666,11.60086190791523,REPRODUCED
c,charlotte,annual_share_all_resolved_denominator,4,13.0,14.0,0.0,171,5242.454936633395,82.26046283642468,82.26046283642468,6.1386752556600666,11.60086190791523,REPRODUCED
c,charlotte,annual_share_all_resolved_denominator,4,14.0,15.0,0.0,171,5242.454936633395,82.26046283642468,82.26046283642468,6.1386752556600666,11.60086190791523,REPRODUCED
c,atlanta,annual_share_all_resolved_denominator,5,0.0,1.0,6.884753043932912,294,25991.68805637923,80.5139938470975,83.3395501635954,8.263382697555478,8.397067138849133,REPRODUCED
c,atlanta,annual_share_all_resolved_denominator,5,1.0,2.0,0.0,294,25991.68805637923,80.5139938470975,83.3395501635954,8.263382697555478,8.397067138849133,REPRODUCED
c,atlanta,annual_share_all_resolved_denominator,5,2.0,3.0,2.1184150378649,294,25991.68805637923,80.5139938470975,83.3395501635954,8.263382697555478,8.397067138849133,REPRODUCED
c,atlanta,annual_share_all_resolved_denominator,5,3.0,4.0,0.11908536065636545,294,25991.68805637923,80.5139938470975,83.3395501635954,8.263382697555478,8.397067138849133,REPRODUCED
c,atlanta,annual_share_all_resolved_denominator,5,4.0,5.0,0.0,294,25991.68805637923,80.5139938470975,83.3395501635954,8.263382697555478,8.397067138849133,REPRODUCED
c,atlanta,annual_share_all_resolved_denominator,5,5.0,6.0,1.4623952322850298,294,25991.68805637923,80.5139938470975,83.3395501635954,8.263382697555478,8.397067138849133,REPRODUCED
c,atlanta,annual_share_all_resolved_denominator,5,6.0,7.0,0.0,294,25991.68805637923,80.5139938470975,83.3395501635954,8.263382697555478,8.397067138849133,REPRODUCED
c,atlanta,annual_share_all_resolved_denominator,5,7.0,8.0,0.0,294,25991.68805637923,80.5139938470975,83.3395501635954,8.263382697555478,8.397067138849133,REPRODUCED
c,atlanta,annual_share_all_resolved_denominator,5,8.0,9.0,2.191532794489237,294,25991.68805637923,80.5139938470975,83.3395501635954,8.263382697555478,8.397067138849133,REPRODUCED
c,atlanta,annual_share_all_resolved_denominator,5,9.0,10.0,0.0,294,25991.68805637923,80.5139938470975,83.3395501635954,8.263382697555478,8.397067138849133,REPRODUCED
c,atlanta,annual_share_all_resolved_denominator,5,10.0,11.0,0.0,294,25991.68805637923,80.5139938470975,83.3395501635954,8.263382697555478,8.397067138849133,REPRODUCED
c,atlanta,annual_share_all_resolved_denominator,5,11.0,12.0,0.0,294,25991.68805637923,80.5139938470975,83.3395501635954,8.263382697555478,8.397067138849133,REPRODUCED
c,atlanta,annual_share_all_resolved_denominator,5,12.0,13.0,0.0,294,25991.68805637923,80.5139938470975,83.3395501635954,8.263382697555478,8.397067138849133,REPRODUCED
c,atlanta,annual_share_all_resolved_denominator,5,13.0,14.0,0.0,294,25991.68805637923,80.5139938470975,83.3395501635954,8.263382697555478,8.397067138849133,REPRODUCED
c,atlanta,annual_share_all_resolved_denominator,5,14.0,15.0,0.0,294,25991.68805637923,80.5139938470975,83.3395501635954,8.263382697555478,8.397067138849133,REPRODUCED
c,new_york_city,annual_share_all_resolved_denominator,6,0.0,1.0,2.1583262960476706,1671,358889.9711272669,85.2496041608244,85.74875654963427,2.427575440746579,11.82366800961904,REPRODUCED
c,new_york_city,annual_share_all_resolved_denominator,6,1.0,2.0,0.0,1671,358889.9711272669,85.2496041608244,85.74875654963427,2.427575440746579,11.82366800961904,REPRODUCED
c,new_york_city,annual_share_all_resolved_denominator,6,2.0,3.0,1.772423220927406,1671,358889.9711272669,85.2496041608244,85.74875654963427,2.427575440746579,11.82366800961904,REPRODUCED
c,new_york_city,annual_share_all_resolved_denominator,6,3.0,4.0,0.16955548166710951,1671,358889.9711272669,85.2496041608244,85.74875654963427,2.427575440746579,11.82366800961904,REPRODUCED
c,new_york_city,annual_share_all_resolved_denominator,6,4.0,5.0,0.8547825557788661,1671,358889.9711272669,85.2496041608244,85.74875654963427,2.427575440746579,11.82366800961904,REPRODUCED
c,new_york_city,annual_share_all_resolved_denominator,6,5.0,6.0,3.042399780728718,1671,358889.9711272669,85.2496041608244,85.74875654963427,2.427575440746579,11.82366800961904,REPRODUCED
c,new_york_city,annual_share_all_resolved_denominator,6,6.0,7.0,0.0,1671,358889.9711272669,85.2496041608244,85.74875654963427,2.427575440746579,11.82366800961904,REPRODUCED
c,new_york_city,annual_share_all_resolved_denominator,6,7.0,8.0,0.9286070557914426,1671,358889.9711272669,85.2496041608244,85.74875654963427,2.427575440746579,11.82366800961904,REPRODUCED
c,new_york_city,annual_share_all_resolved_denominator,6,8.0,9.0,0.0,1671,358889.9711272669,85.2496041608244,85.74875654963427,2.427575440746579,11.82366800961904,REPRODUCED
c,new_york_city,annual_share_all_resolved_denominator,6,9.0,10.0,0.20438161149806483,1671,358889.9711272669,85.2496041608244,85.74875654963427,2.427575440746579,11.82366800961904,REPRODUCED
c,new_york_city,annual_share_all_resolved_denominator,6,10.0,11.0,0.0,1671,358889.9711272669,85.2496041608244,85.74875654963427,2.427575440746579,11.82366800961904,REPRODUCED
c,new_york_city,annual_share_all_resolved_denominator,6,11.0,12.0,0.3212048699896454,1671,358889.9711272669,85.2496041608244,85.74875654963427,2.427575440746579,11.82366800961904,REPRODUCED
c,new_york_city,annual_share_all_resolved_denominator,6,12.0,13.0,0.0,1671,358889.9711272669,85.2496041608244,85.74875654963427,2.427575440746579,11.82366800961904,REPRODUCED
c,new_york_city,annual_share_all_resolved_denominator,6,13.0,14.0,0.0,1671,358889.9711272669,85.2496041608244,85.74875654963427,2.427575440746579,11.82366800961904,REPRODUCED
c,new_york_city,annual_share_all_resolved_denominator,6,14.0,15.0,0.0,1671,358889.9711272669,85.2496041608244,85.74875654963427,2.427575440746579,11.82366800961904,REPRODUCED
c,los_angeles,annual_share_all_resolved_denominator,7,0.0,1.0,6.640114389827308,8665,1297793.0483497372,85.07813987397107,86.6623500406706,7.745651819417623,5.591998139912119,REPRODUCED
c,los_angeles,annual_share_all_resolved_denominator,7,1.0,2.0,0.0,8665,1297793.0483497372,85.07813987397107,86.6623500406706,7.745651819417623,5.591998139912119,REPRODUCED
c,los_angeles,annual_share_all_resolved_denominator,7,2.0,3.0,0.8458692434506931,8665,1297793.0483497372,85.07813987397107,86.6623500406706,7.745651819417623,5.591998139912119,REPRODUCED
c,los_angeles,annual_share_all_resolved_denominator,7,3.0,4.0,1.417477076663516,8665,1297793.0483497372,85.07813987397107,86.6623500406706,7.745651819417623,5.591998139912119,REPRODUCED
c,los_angeles,annual_share_all_resolved_denominator,7,4.0,5.0,0.3077355395824454,8665,1297793.0483497372,85.07813987397107,86.6623500406706,7.745651819417623,5.591998139912119,REPRODUCED
c,los_angeles,annual_share_all_resolved_denominator,7,5.0,6.0,0.5398863871739953,8665,1297793.0483497372,85.07813987397107,86.6623500406706,7.745651819417623,5.591998139912119,REPRODUCED
c,los_angeles,annual_share_all_resolved_denominator,7,6.0,7.0,0.8919486109392232,8665,1297793.0483497372,85.07813987397107,86.6623500406706,7.745651819417623,5.591998139912119,REPRODUCED
c,los_angeles,annual_share_all_resolved_denominator,7,7.0,8.0,0.0,8665,1297793.0483497372,85.07813987397107,86.6623500406706,7.745651819417623,5.591998139912119,REPRODUCED
c,los_angeles,annual_share_all_resolved_denominator,7,8.0,9.0,0.8374714293461343,8665,1297793.0483497372,85.07813987397107,86.6623500406706,7.745651819417623,5.591998139912119,REPRODUCED
c,los_angeles,annual_share_all_resolved_denominator,7,9.0,10.0,0.0,8665,1297793.0483497372,85.07813987397107,86.6623500406706,7.745651819417623,5.591998139912119,REPRODUCED
c,los_angeles,annual_share_all_resolved_denominator,7,10.0,11.0,0.0,8665,1297793.0483497372,85.07813987397107,86.6623500406706,7.745651819417623,5.591998139912119,REPRODUCED
c,los_angeles,annual_share_all_resolved_denominator,7,11.0,12.0,0.0,8665,1297793.0483497372,85.07813987397107,86.6623500406706,7.745651819417623,5.591998139912119,REPRODUCED
c,los_angeles,annual_share_all_resolved_denominator,7,12.0,13.0,0.0,8665,1297793.0483497372,85.07813987397107,86.6623500406706,7.745651819417623,5.591998139912119,REPRODUCED
c,los_angeles,annual_share_all_resolved_denominator,7,13.0,14.0,0.0,8665,1297793.0483497372,85.07813987397107,86.6623500406706,7.745651819417623,5.591998139912119,REPRODUCED
c,los_angeles,annual_share_all_resolved_denominator,7,14.0,15.0,0.0,8665,1297793.0483497372,85.07813987397107,86.6623500406706,7.745651819417623,5.591998139912119,REPRODUCED
c,seattle,annual_share_all_resolved_denominator,8,0.0,1.0,6.94681942539129,784,36333.296929630764,87.71499422248495,87.80903750847779,6.967733419091619,5.223229072430482,REPRODUCED
c,seattle,annual_share_all_resolved_denominator,8,1.0,2.0,0.013451566537406555,784,36333.296929630764,87.71499422248495,87.80903750847779,6.967733419091619,5.223229072430482,REPRODUCED
c,seattle,annual_share_all_resolved_denominator,8,2.0,3.0,1.5462295915940782,784,36333.296929630764,87.71499422248495,87.80903750847779,6.967733419091619,5.223229072430482,REPRODUCED
c,seattle,annual_share_all_resolved_denominator,8,3.0,4.0,0.0,784,36333.296929630764,87.71499422248495,87.80903750847779,6.967733419091619,5.223229072430482,REPRODUCED
c,seattle,annual_share_all_resolved_denominator,8,4.0,5.0,0.0,784,36333.296929630764,87.71499422248495,87.80903750847779,6.967733419091619,5.223229072430482,REPRODUCED
c,seattle,annual_share_all_resolved_denominator,8,5.0,6.0,1.626937971731591,784,36333.296929630764,87.71499422248495,87.80903750847779,6.967733419091619,5.223229072430482,REPRODUCED
c,seattle,annual_share_all_resolved_denominator,8,6.0,7.0,0.0009573134156410783,784,36333.296929630764,87.71499422248495,87.80903750847779,6.967733419091619,5.223229072430482,REPRODUCED
c,seattle,annual_share_all_resolved_denominator,8,7.0,8.0,2.0435101288436357,784,36333.296929630764,87.71499422248495,87.80903750847779,6.967733419091619,5.223229072430482,REPRODUCED
c,seattle,annual_share_all_resolved_denominator,8,8.0,9.0,0.0,784,36333.296929630764,87.71499422248495,87.80903750847779,6.967733419091619,5.223229072430482,REPRODUCED
c,seattle,annual_share_all_resolved_denominator,8,9.0,10.0,0.0,784,36333.296929630764,87.71499422248495,87.80903750847779,6.967733419091619,5.223229072430482,REPRODUCED
c,seattle,annual_share_all_resolved_denominator,8,10.0,11.0,0.0,784,36333.296929630764,87.71499422248495,87.80903750847779,6.967733419091619,5.223229072430482,REPRODUCED
c,seattle,annual_share_all_resolved_denominator,8,11.0,12.0,0.0,784,36333.296929630764,87.71499422248495,87.80903750847779,6.967733419091619,5.223229072430482,REPRODUCED
c,seattle,annual_share_all_resolved_denominator,8,12.0,13.0,0.0,784,36333.296929630764,87.71499422248495,87.80903750847779,6.967733419091619,5.223229072430482,REPRODUCED
c,seattle,annual_share_all_resolved_denominator,8,13.0,14.0,0.0,784,36333.296929630764,87.71499422248495,87.80903750847779,6.967733419091619,5.223229072430482,REPRODUCED
c,seattle,annual_share_all_resolved_denominator,8,14.0,15.0,0.0,784,36333.296929630764,87.71499422248495,87.80903750847779,6.967733419091619,5.223229072430482,REPRODUCED
c,denver,annual_share_all_resolved_denominator,9,0.0,1.0,5.9616035211940375,2227,149090.74230399882,87.62370408353115,88.33417553150109,7.319485619801937,4.3463388486967265,REPRODUCED
c,denver,annual_share_all_resolved_denominator,9,1.0,2.0,0.0,2227,149090.74230399882,87.62370408353115,88.33417553150109,7.319485619801937,4.3463388486967265,REPRODUCED
c,denver,annual_share_all_resolved_denominator,9,2.0,3.0,0.0,2227,149090.74230399882,87.62370408353115,88.33417553150109,7.319485619801937,4.3463388486967265,REPRODUCED
c,denver,annual_share_all_resolved_denominator,9,3.0,4.0,0.5927383549268629,2227,149090.74230399882,87.62370408353115,88.33417553150109,7.319485619801937,4.3463388486967265,REPRODUCED
c,denver,annual_share_all_resolved_denominator,9,4.0,5.0,1.787172546123166,2227,149090.74230399882,87.62370408353115,88.33417553150109,7.319485619801937,4.3463388486967265,REPRODUCED
c,denver,annual_share_all_resolved_denominator,9,5.0,6.0,0.0,2227,149090.74230399882,87.62370408353115,88.33417553150109,7.319485619801937,4.3463388486967265,REPRODUCED
c,denver,annual_share_all_resolved_denominator,9,6.0,7.0,0.0,2227,149090.74230399882,87.62370408353115,88.33417553150109,7.319485619801937,4.3463388486967265,REPRODUCED
c,denver,annual_share_all_resolved_denominator,9,7.0,8.0,0.7498286883447145,2227,149090.74230399882,87.62370408353115,88.33417553150109,7.319485619801937,4.3463388486967265,REPRODUCED
c,denver,annual_share_all_resolved_denominator,9,8.0,9.0,0.46218777718458437,2227,149090.74230399882,87.62370408353115,88.33417553150109,7.319485619801937,4.3463388486967265,REPRODUCED
c,denver,annual_share_all_resolved_denominator,9,9.0,10.0,0.0,2227,149090.74230399882,87.62370408353115,88.33417553150109,7.319485619801937,4.3463388486967265,REPRODUCED
c,denver,annual_share_all_resolved_denominator,9,10.0,11.0,0.0,2227,149090.74230399882,87.62370408353115,88.33417553150109,7.319485619801937,4.3463388486967265,REPRODUCED
c,denver,annual_share_all_resolved_denominator,9,11.0,12.0,0.6106683476464576,2227,149090.74230399882,87.62370408353115,88.33417553150109,7.319485619801937,4.3463388486967265,REPRODUCED
c,denver,annual_share_all_resolved_denominator,9,12.0,13.0,0.0,2227,149090.74230399882,87.62370408353115,88.33417553150109,7.319485619801937,4.3463388486967265,REPRODUCED
c,denver,annual_share_all_resolved_denominator,9,13.0,14.0,0.0,2227,149090.74230399882,87.62370408353115,88.33417553150109,7.319485619801937,4.3463388486967265,REPRODUCED
c,denver,annual_share_all_resolved_denominator,9,14.0,15.0,0.0,2227,149090.74230399882,87.62370408353115,88.33417553150109,7.319485619801937,4.3463388486967265,REPRODUCED
c,minneapolis,annual_share_all_resolved_denominator,10,0.0,1.0,4.494540861558501,435,41344.0158146214,90.26202074157514,90.55650530569149,4.5092045362208335,4.934290158087548,REPRODUCED
c,minneapolis,annual_share_all_resolved_denominator,10,1.0,2.0,0.0,435,41344.0158146214,90.26202074157514,90.55650530569149,4.5092045362208335,4.934290158087548,REPRODUCED
c,minneapolis,annual_share_all_resolved_denominator,10,2.0,3.0,1.2296904755612055,435,41344.0158146214,90.26202074157514,90.55650530569149,4.5092045362208335,4.934290158087548,REPRODUCED
c,minneapolis,annual_share_all_resolved_denominator,10,3.0,4.0,1.508600107421669,435,41344.0158146214,90.26202074157514,90.55650530569149,4.5092045362208335,4.934290158087548,REPRODUCED
c,minneapolis,annual_share_all_resolved_denominator,10,4.0,5.0,0.28752993655081927,435,41344.0158146214,90.26202074157514,90.55650530569149,4.5092045362208335,4.934290158087548,REPRODUCED
c,minneapolis,annual_share_all_resolved_denominator,10,5.0,6.0,0.529568690298601,435,41344.0158146214,90.26202074157514,90.55650530569149,4.5092045362208335,4.934290158087548,REPRODUCED
c,minneapolis,annual_share_all_resolved_denominator,10,6.0,7.0,0.0,435,41344.0158146214,90.26202074157514,90.55650530569149,4.5092045362208335,4.934290158087548,REPRODUCED
c,minneapolis,annual_share_all_resolved_denominator,10,7.0,8.0,0.0,435,41344.0158146214,90.26202074157514,90.55650530569149,4.5092045362208335,4.934290158087548,REPRODUCED
c,minneapolis,annual_share_all_resolved_denominator,10,8.0,9.0,1.3628549195185775,435,41344.0158146214,90.26202074157514,90.55650530569149,4.5092045362208335,4.934290158087548,REPRODUCED
c,minneapolis,annual_share_all_resolved_denominator,10,9.0,10.0,0.0,435,41344.0158146214,90.26202074157514,90.55650530569149,4.5092045362208335,4.934290158087548,REPRODUCED
c,minneapolis,annual_share_all_resolved_denominator,10,10.0,11.0,0.0,435,41344.0158146214,90.26202074157514,90.55650530569149,4.5092045362208335,4.934290158087548,REPRODUCED
c,minneapolis,annual_share_all_resolved_denominator,10,11.0,12.0,0.0,435,41344.0158146214,90.26202074157514,90.55650530569149,4.5092045362208335,4.934290158087548,REPRODUCED
c,minneapolis,annual_share_all_resolved_denominator,10,12.0,13.0,0.0,435,41344.0158146214,90.26202074157514,90.55650530569149,4.5092045362208335,4.934290158087548,REPRODUCED
c,minneapolis,annual_share_all_resolved_denominator,10,13.0,14.0,0.0,435,41344.0158146214,90.26202074157514,90.55650530569149,4.5092045362208335,4.934290158087548,REPRODUCED
c,minneapolis,annual_share_all_resolved_denominator,10,14.0,15.0,0.0,435,41344.0158146214,90.26202074157514,90.55650530569149,4.5092045362208335,4.934290158087548,REPRODUCED
c,boston,annual_share_all_resolved_denominator,11,0.0,1.0,2.733309509643969,754,120039.48641110978,91.19395051113776,91.47460520398141,4.466840379957144,4.058554416061359,REPRODUCED
c,boston,annual_share_all_resolved_denominator,11,1.0,2.0,0.0,754,120039.48641110978,91.19395051113776,91.47460520398141,4.466840379957144,4.058554416061359,REPRODUCED
c,boston,annual_share_all_resolved_denominator,11,2.0,3.0,0.49817377044926464,754,120039.48641110978,91.19395051113776,91.47460520398141,4.466840379957144,4.058554416061359,REPRODUCED
c,boston,annual_share_all_resolved_denominator,11,3.0,4.0,1.4391709159200445,754,120039.48641110978,91.19395051113776,91.47460520398141,4.466840379957144,4.058554416061359,REPRODUCED
c,boston,annual_share_all_resolved_denominator,11,4.0,5.0,0.08648392922076281,754,120039.48641110978,91.19395051113776,91.47460520398141,4.466840379957144,4.058554416061359,REPRODUCED
c,boston,annual_share_all_resolved_denominator,11,5.0,6.0,0.0752008671403776,754,120039.48641110978,91.19395051113776,91.47460520398141,4.466840379957144,4.058554416061359,REPRODUCED
c,boston,annual_share_all_resolved_denominator,11,6.0,7.0,0.0,754,120039.48641110978,91.19395051113776,91.47460520398141,4.466840379957144,4.058554416061359,REPRODUCED
c,boston,annual_share_all_resolved_denominator,11,7.0,8.0,0.33726975855709873,754,120039.48641110978,91.19395051113776,91.47460520398141,4.466840379957144,4.058554416061359,REPRODUCED
c,boston,annual_share_all_resolved_denominator,11,8.0,9.0,0.0,754,120039.48641110978,91.19395051113776,91.47460520398141,4.466840379957144,4.058554416061359,REPRODUCED
c,boston,annual_share_all_resolved_denominator,11,9.0,10.0,0.46848251819484915,754,120039.48641110978,91.19395051113776,91.47460520398141,4.466840379957144,4.058554416061359,REPRODUCED
c,boston,annual_share_all_resolved_denominator,11,10.0,11.0,0.0,754,120039.48641110978,91.19395051113776,91.47460520398141,4.466840379957144,4.058554416061359,REPRODUCED
c,boston,annual_share_all_resolved_denominator,11,11.0,12.0,0.2209835145381722,754,120039.48641110978,91.19395051113776,91.47460520398141,4.466840379957144,4.058554416061359,REPRODUCED
c,boston,annual_share_all_resolved_denominator,11,12.0,13.0,0.0,754,120039.48641110978,91.19395051113776,91.47460520398141,4.466840379957144,4.058554416061359,REPRODUCED
c,boston,annual_share_all_resolved_denominator,11,13.0,14.0,0.0,754,120039.48641110978,91.19395051113776,91.47460520398141,4.466840379957144,4.058554416061359,REPRODUCED
c,boston,annual_share_all_resolved_denominator,11,14.0,15.0,0.0,754,120039.48641110978,91.19395051113776,91.47460520398141,4.466840379957144,4.058554416061359,REPRODUCED
c,washington_dc,annual_share_all_resolved_denominator,12,0.0,1.0,3.382499651225691,530,96154.02228714652,91.94690493537301,92.34283895821727,3.920676072436832,3.7364849693460505,REPRODUCED
c,washington_dc,annual_share_all_resolved_denominator,12,1.0,2.0,0.0,530,96154.02228714652,91.94690493537301,92.34283895821727,3.920676072436832,3.7364849693460505,REPRODUCED
c,washington_dc,annual_share_all_resolved_denominator,12,2.0,3.0,1.1715607132958539,530,96154.02228714652,91.94690493537301,92.34283895821727,3.920676072436832,3.7364849693460505,REPRODUCED
c,washington_dc,annual_share_all_resolved_denominator,12,3.0,4.0,0.0,530,96154.02228714652,91.94690493537301,92.34283895821727,3.920676072436832,3.7364849693460505,REPRODUCED
c,washington_dc,annual_share_all_resolved_denominator,12,4.0,5.0,0.0,530,96154.02228714652,91.94690493537301,92.34283895821727,3.920676072436832,3.7364849693460505,REPRODUCED
c,washington_dc,annual_share_all_resolved_denominator,12,5.0,6.0,0.67999642101543,530,96154.02228714652,91.94690493537301,92.34283895821727,3.920676072436832,3.7364849693460505,REPRODUCED
c,washington_dc,annual_share_all_resolved_denominator,12,6.0,7.0,0.0,530,96154.02228714652,91.94690493537301,92.34283895821727,3.920676072436832,3.7364849693460505,REPRODUCED
c,washington_dc,annual_share_all_resolved_denominator,12,7.0,8.0,1.2917865755868632,530,96154.02228714652,91.94690493537301,92.34283895821727,3.920676072436832,3.7364849693460505,REPRODUCED
c,washington_dc,annual_share_all_resolved_denominator,12,8.0,9.0,0.0,530,96154.02228714652,91.94690493537301,92.34283895821727,3.920676072436832,3.7364849693460505,REPRODUCED
c,washington_dc,annual_share_all_resolved_denominator,12,9.0,10.0,0.0,530,96154.02228714652,91.94690493537301,92.34283895821727,3.920676072436832,3.7364849693460505,REPRODUCED
c,washington_dc,annual_share_all_resolved_denominator,12,10.0,11.0,0.42631207676460664,530,96154.02228714652,91.94690493537301,92.34283895821727,3.920676072436832,3.7364849693460505,REPRODUCED
c,washington_dc,annual_share_all_resolved_denominator,12,11.0,12.0,0.0,530,96154.02228714652,91.94690493537301,92.34283895821727,3.920676072436832,3.7364849693460505,REPRODUCED
c,washington_dc,annual_share_all_resolved_denominator,12,12.0,13.0,0.0,530,96154.02228714652,91.94690493537301,92.34283895821727,3.920676072436832,3.7364849693460505,REPRODUCED
c,washington_dc,annual_share_all_resolved_denominator,12,13.0,14.0,0.0,530,96154.02228714652,91.94690493537301,92.34283895821727,3.920676072436832,3.7364849693460505,REPRODUCED
c,washington_dc,annual_share_all_resolved_denominator,12,14.0,15.0,0.0,530,96154.02228714652,91.94690493537301,92.34283895821727,3.920676072436832,3.7364849693460505,REPRODUCED
c,miami,annual_share_all_resolved_denominator,13,0.0,1.0,2.475425538425552,3087,169828.05029810235,92.79697969396491,93.00212322582975,2.483727908423473,4.514148865747104,REPRODUCED
c,miami,annual_share_all_resolved_denominator,13,1.0,2.0,0.0028237777072049877,3087,169828.05029810235,92.79697969396491,93.00212322582975,2.483727908423473,4.514148865747104,REPRODUCED
c,miami,annual_share_all_resolved_denominator,13,2.0,3.0,0.0,3087,169828.05029810235,92.79697969396491,93.00212322582975,2.483727908423473,4.514148865747104,REPRODUCED
c,miami,annual_share_all_resolved_denominator,13,3.0,4.0,0.9037240425008661,3087,169828.05029810235,92.79697969396491,93.00212322582975,2.483727908423473,4.514148865747104,REPRODUCED
c,miami,annual_share_all_resolved_denominator,13,4.0,5.0,1.0363746916208423,3087,169828.05029810235,92.79697969396491,93.00212322582975,2.483727908423473,4.514148865747104,REPRODUCED
c,miami,annual_share_all_resolved_denominator,13,5.0,6.0,0.0013199646032654622,3087,169828.05029810235,92.79697969396491,93.00212322582975,2.483727908423473,4.514148865747104,REPRODUCED
c,miami,annual_share_all_resolved_denominator,13,6.0,7.0,0.453493364250988,3087,169828.05029810235,92.79697969396491,93.00212322582975,2.483727908423473,4.514148865747104,REPRODUCED
c,miami,annual_share_all_resolved_denominator,13,7.0,8.0,1.1746091255238114,3087,169828.05029810235,92.79697969396491,93.00212322582975,2.483727908423473,4.514148865747104,REPRODUCED
c,miami,annual_share_all_resolved_denominator,13,8.0,9.0,0.0031873929691495313,3087,169828.05029810235,92.79697969396491,93.00212322582975,2.483727908423473,4.514148865747104,REPRODUCED
c,miami,annual_share_all_resolved_denominator,13,9.0,10.0,0.0,3087,169828.05029810235,92.79697969396491,93.00212322582975,2.483727908423473,4.514148865747104,REPRODUCED
c,miami,annual_share_all_resolved_denominator,13,10.0,11.0,0.9314830014811604,3087,169828.05029810235,92.79697969396491,93.00212322582975,2.483727908423473,4.514148865747104,REPRODUCED
c,miami,annual_share_all_resolved_denominator,13,11.0,12.0,0.0,3087,169828.05029810235,92.79697969396491,93.00212322582975,2.483727908423473,4.514148865747104,REPRODUCED
c,miami,annual_share_all_resolved_denominator,13,12.0,13.0,0.0,3087,169828.05029810235,92.79697969396491,93.00212322582975,2.483727908423473,4.514148865747104,REPRODUCED
c,miami,annual_share_all_resolved_denominator,13,13.0,14.0,0.0,3087,169828.05029810235,92.79697969396491,93.00212322582975,2.483727908423473,4.514148865747104,REPRODUCED
c,miami,annual_share_all_resolved_denominator,13,14.0,15.0,0.0,3087,169828.05029810235,92.79697969396491,93.00212322582975,2.483727908423473,4.514148865747104,REPRODUCED
c,philadelphia,annual_share_all_resolved_denominator,14,0.0,1.0,1.808716961063037,359,17887.585021596933,92.89271397890472,93.08210153237081,3.1101517846415674,3.807746682987645,REPRODUCED
c,philadelphia,annual_share_all_resolved_denominator,14,1.0,2.0,0.0,359,17887.585021596933,92.89271397890472,93.08210153237081,3.1101517846415674,3.807746682987645,REPRODUCED
c,philadelphia,annual_share_all_resolved_denominator,14,2.0,3.0,1.0489880294078757,359,17887.585021596933,92.89271397890472,93.08210153237081,3.1101517846415674,3.807746682987645,REPRODUCED
c,philadelphia,annual_share_all_resolved_denominator,14,3.0,4.0,0.11220810301346225,359,17887.585021596933,92.89271397890472,93.08210153237081,3.1101517846415674,3.807746682987645,REPRODUCED
c,philadelphia,annual_share_all_resolved_denominator,14,4.0,5.0,0.0,359,17887.585021596933,92.89271397890472,93.08210153237081,3.1101517846415674,3.807746682987645,REPRODUCED
c,philadelphia,annual_share_all_resolved_denominator,14,5.0,6.0,0.39545942835224457,359,17887.585021596933,92.89271397890472,93.08210153237081,3.1101517846415674,3.807746682987645,REPRODUCED
c,philadelphia,annual_share_all_resolved_denominator,14,6.0,7.0,0.0,359,17887.585021596933,92.89271397890472,93.08210153237081,3.1101517846415674,3.807746682987645,REPRODUCED
c,philadelphia,annual_share_all_resolved_denominator,14,7.0,8.0,0.6653991607111585,359,17887.585021596933,92.89271397890472,93.08210153237081,3.1101517846415674,3.807746682987645,REPRODUCED
c,philadelphia,annual_share_all_resolved_denominator,14,8.0,9.0,0.2760413412444256,359,17887.585021596933,92.89271397890472,93.08210153237081,3.1101517846415674,3.807746682987645,REPRODUCED
c,philadelphia,annual_share_all_resolved_denominator,14,9.0,10.0,0.0,359,17887.585021596933,92.89271397890472,93.08210153237081,3.1101517846415674,3.807746682987645,REPRODUCED
c,philadelphia,annual_share_all_resolved_denominator,14,10.0,11.0,0.47167482170022584,359,17887.585021596933,92.89271397890472,93.08210153237081,3.1101517846415674,3.807746682987645,REPRODUCED
c,philadelphia,annual_share_all_resolved_denominator,14,11.0,12.0,0.004801380964364416,359,17887.585021596933,92.89271397890472,93.08210153237081,3.1101517846415674,3.807746682987645,REPRODUCED
c,philadelphia,annual_share_all_resolved_denominator,14,12.0,13.0,0.0,359,17887.585021596933,92.89271397890472,93.08210153237081,3.1101517846415674,3.807746682987645,REPRODUCED
c,philadelphia,annual_share_all_resolved_denominator,14,13.0,14.0,0.6371639815881375,359,17887.585021596933,92.89271397890472,93.08210153237081,3.1101517846415674,3.807746682987645,REPRODUCED
c,philadelphia,annual_share_all_resolved_denominator,14,14.0,15.0,0.0,359,17887.585021596933,92.89271397890472,93.08210153237081,3.1101517846415674,3.807746682987645,REPRODUCED
c,chicago,annual_share_all_resolved_denominator,15,0.0,1.0,1.6113613066114447,2412,141776.0563754348,92.64642240580412,93.46939205413472,1.902743487922806,4.627864457942306,REPRODUCED
c,chicago,annual_share_all_resolved_denominator,15,1.0,2.0,0.0,2412,141776.0563754348,92.64642240580412,93.46939205413472,1.902743487922806,4.627864457942306,REPRODUCED
c,chicago,annual_share_all_resolved_denominator,15,2.0,3.0,0.5405403886267206,2412,141776.0563754348,92.64642240580412,93.46939205413472,1.902743487922806,4.627864457942306,REPRODUCED
c,chicago,annual_share_all_resolved_denominator,15,3.0,4.0,0.2746963851258087,2412,141776.0563754348,92.64642240580412,93.46939205413472,1.902743487922806,4.627864457942306,REPRODUCED
c,chicago,annual_share_all_resolved_denominator,15,4.0,5.0,0.9329176652934357,2412,141776.0563754348,92.64642240580412,93.46939205413472,1.902743487922806,4.627864457942306,REPRODUCED
c,chicago,annual_share_all_resolved_denominator,15,5.0,6.0,0.0,2412,141776.0563754348,92.64642240580412,93.46939205413472,1.902743487922806,4.627864457942306,REPRODUCED
c,chicago,annual_share_all_resolved_denominator,15,6.0,7.0,0.27930483996854266,2412,141776.0563754348,92.64642240580412,93.46939205413472,1.902743487922806,4.627864457942306,REPRODUCED
c,chicago,annual_share_all_resolved_denominator,15,7.0,8.0,0.41094971291474663,2412,141776.0563754348,92.64642240580412,93.46939205413472,1.902743487922806,4.627864457942306,REPRODUCED
c,chicago,annual_share_all_resolved_denominator,15,8.0,9.0,0.475556654516174,2412,141776.0563754348,92.64642240580412,93.46939205413472,1.902743487922806,4.627864457942306,REPRODUCED
c,chicago,annual_share_all_resolved_denominator,15,9.0,10.0,0.0,2412,141776.0563754348,92.64642240580412,93.46939205413472,1.902743487922806,4.627864457942306,REPRODUCED
c,chicago,annual_share_all_resolved_denominator,15,10.0,11.0,0.24857078256636594,2412,141776.0563754348,92.64642240580412,93.46939205413472,1.902743487922806,4.627864457942306,REPRODUCED
c,chicago,annual_share_all_resolved_denominator,15,11.0,12.0,0.0,2412,141776.0563754348,92.64642240580412,93.46939205413472,1.902743487922806,4.627864457942306,REPRODUCED
c,chicago,annual_share_all_resolved_denominator,15,12.0,13.0,0.6546816969351185,2412,141776.0563754348,92.64642240580412,93.46939205413472,1.902743487922806,4.627864457942306,REPRODUCED
c,chicago,annual_share_all_resolved_denominator,15,13.0,14.0,0.0,2412,141776.0563754348,92.64642240580412,93.46939205413472,1.902743487922806,4.627864457942306,REPRODUCED
c,chicago,annual_share_all_resolved_denominator,15,14.0,15.0,0.0,2412,141776.0563754348,92.64642240580412,93.46939205413472,1.902743487922806,4.627864457942306,REPRODUCED
c,all_cities_pooled,annual_share_all_resolved_denominator,16,0.0,1.0,5.036961122544255,38476,3601069.591396656,86.05775730518366,86.92974631680775,5.714688876558723,7.355564806633412,REPRODUCED
c,all_cities_pooled,annual_share_all_resolved_denominator,16,1.0,2.0,0.00041179579571260335,38476,3601069.591396656,86.05775730518366,86.92974631680775,5.714688876558723,7.355564806633412,REPRODUCED
c,all_cities_pooled,annual_share_all_resolved_denominator,16,2.0,3.0,1.1429087933583453,38476,3601069.591396656,86.05775730518366,86.92974631680775,5.714688876558723,7.355564806633412,REPRODUCED
c,all_cities_pooled,annual_share_all_resolved_denominator,16,3.0,4.0,0.9519138606505374,38476,3601069.591396656,86.05775730518366,86.92974631680775,5.714688876558723,7.355564806633412,REPRODUCED
c,all_cities_pooled,annual_share_all_resolved_denominator,16,4.0,5.0,0.49011446518292295,38476,3601069.591396656,86.05775730518366,86.92974631680775,5.714688876558723,7.355564806633412,REPRODUCED
c,all_cities_pooled,annual_share_all_resolved_denominator,16,5.0,6.0,1.2497554448370487,38476,3601069.591396656,86.05775730518366,86.92974631680775,5.714688876558723,7.355564806633412,REPRODUCED
c,all_cities_pooled,annual_share_all_resolved_denominator,16,6.0,7.0,0.5174239249778911,38476,3601069.591396656,86.05775730518366,86.92974631680775,5.714688876558723,7.355564806633412,REPRODUCED
c,all_cities_pooled,annual_share_all_resolved_denominator,16,7.0,8.0,0.3947305399816667,38476,3601069.591396656,86.05775730518366,86.92974631680775,5.714688876558723,7.355564806633412,REPRODUCED
c,all_cities_pooled,annual_share_all_resolved_denominator,16,8.0,9.0,0.9369751791975585,38476,3601069.591396656,86.05775730518366,86.92974631680775,5.714688876558723,7.355564806633412,REPRODUCED
c,all_cities_pooled,annual_share_all_resolved_denominator,16,9.0,10.0,0.05393932326877693,38476,3601069.591396656,86.05775730518366,86.92974631680775,5.714688876558723,7.355564806633412,REPRODUCED
c,all_cities_pooled,annual_share_all_resolved_denominator,16,10.0,11.0,0.12788820968279918,38476,3601069.591396656,86.05775730518366,86.92974631680775,5.714688876558723,7.355564806633412,REPRODUCED
c,all_cities_pooled,annual_share_all_resolved_denominator,16,11.0,12.0,0.5561656450421812,38476,3601069.591396656,86.05775730518366,86.92974631680775,5.714688876558723,7.355564806633412,REPRODUCED
c,all_cities_pooled,annual_share_all_resolved_denominator,16,12.0,13.0,0.048869234473384246,38476,3601069.591396656,86.05775730518366,86.92974631680775,5.714688876558723,7.355564806633412,REPRODUCED
c,all_cities_pooled,annual_share_all_resolved_denominator,16,13.0,14.0,0.006208694048529971,38476,3601069.591396656,86.05775730518366,86.92974631680775,5.714688876558723,7.355564806633412,REPRODUCED
c,all_cities_pooled,annual_share_all_resolved_denominator,16,14.0,15.0,0.0,38476,3601069.591396656,86.05775730518366,86.92974631680775,5.714688876558723,7.355564806633412,REPRODUCED
