panel,city_id,display_order,pv_area_postbaseline_share,building_area_postbaseline_share,pv_target_count_postbaseline_share,building_target_count_postbaseline_share,area_denominator,count_denominator,status
b,dallas,1,0.780765882927551,0.12092570134609125,0.9161968868321414,0.13010688774896673,separate city-specific anchor PV union area and canonical Building SAM3 roof-mask area,relative temporal composition of separate anchor inventories; not PV prevalence and not an annual event rate,REPRODUCED
b,detroit,2,0.8823106339274631,0.07587033549475836,0.9451659451659452,0.1015214151129109,separate city-specific anchor PV union area and canonical Building SAM3 roof-mask area,relative temporal composition of separate anchor inventories; not PV prevalence and not an annual event rate,REPRODUCED
b,phoenix,3,0.9861667504677277,0.18957592949386615,0.9981407478057203,0.2523183777742296,separate city-specific anchor PV union area and canonical Building SAM3 roof-mask area,relative temporal composition of separate anchor inventories; not PV prevalence and not an annual event rate,REPRODUCED
b,charlotte,4,0.8339155544494001,0.19024245211733357,0.9133165829145728,0.25225102319236015,separate city-specific anchor PV union area and canonical Building SAM3 roof-mask area,relative temporal composition of separate anchor inventories; not PV prevalence and not an annual event rate,REPRODUCED
b,atlanta,5,0.6820406672082739,0.1603749597058905,0.8968915845337377,0.25746669976007286,separate city-specific anchor PV union area and canonical Building SAM3 roof-mask area,relative temporal composition of separate anchor inventories; not PV prevalence and not an annual event rate,REPRODUCED
b,new_york_city,6,0.8317048999890451,0.04817376534621602,0.9521037367071582,0.07731946341071572,separate city-specific anchor PV union area and canonical Building SAM3 roof-mask area,relative temporal composition of separate anchor inventories; not PV prevalence and not an annual event rate,REPRODUCED
b,los_angeles,7,0.7909138358194435,0.056364179196000785,0.9460074367115473,0.07940790437225775,separate city-specific anchor PV union area and canonical Building SAM3 roof-mask area,relative temporal composition of separate anchor inventories; not PV prevalence and not an annual event rate,REPRODUCED
b,seattle,8,0.8424539661325058,0.10771232254000232,0.9234740358335864,0.16398881490734485,separate city-specific anchor PV union area and canonical Building SAM3 roof-mask area,relative temporal composition of separate anchor inventories; not PV prevalence and not an annual event rate,REPRODUCED
b,denver,9,0.7855777215859554,0.07609971328075779,0.9434986167269632,0.07196883135504739,separate city-specific anchor PV union area and canonical Building SAM3 roof-mask area,relative temporal composition of separate anchor inventories; not PV prevalence and not an annual event rate,REPRODUCED
b,minneapolis,10,0.8774594943393804,0.07778973828654488,0.9319290465631929,0.1045264877335047,separate city-specific anchor PV union area and canonical Building SAM3 roof-mask area,relative temporal composition of separate anchor inventories; not PV prevalence and not an annual event rate,REPRODUCED
b,boston,11,0.7649919265436604,0.06207785092164801,0.9559958289885297,0.09607942900548927,separate city-specific anchor PV union area and canonical Building SAM3 roof-mask area,relative temporal composition of separate anchor inventories; not PV prevalence and not an annual event rate,REPRODUCED
b,washington_dc,12,0.8456440140509258,0.05940712905557462,0.9190662908957236,0.09745542195075185,separate city-specific anchor PV union area and canonical Building SAM3 roof-mask area,relative temporal composition of separate anchor inventories; not PV prevalence and not an annual event rate,REPRODUCED
b,miami,13,0.8530246016964533,0.05932734920509126,0.8602557456367721,0.06675148943891684,separate city-specific anchor PV union area and canonical Building SAM3 roof-mask area,relative temporal composition of separate anchor inventories; not PV prevalence and not an annual event rate,REPRODUCED
b,philadelphia,14,0.7982770339223557,0.0909045080218422,0.9213915974479354,0.11144394686335757,separate city-specific anchor PV union area and canonical Building SAM3 roof-mask area,relative temporal composition of separate anchor inventories; not PV prevalence and not an annual event rate,REPRODUCED
b,chicago,15,0.7711586951271951,0.07329064179954572,0.9251945468375168,0.12501380580569632,separate city-specific anchor PV union area and canonical Building SAM3 roof-mask area,relative temporal composition of separate anchor inventories; not PV prevalence and not an annual event rate,REPRODUCED
b,all_cities_pooled,16,0.8372889723923891,0.08038159943394495,0.9408990111967428,0.10866073785838026,separate city-specific anchor PV union area and canonical Building SAM3 roof-mask area,target-count pooled relative temporal composition of separate anchor inventories; not PV prevalence and not an annual event rate,REPRODUCED
