city_id,city_name,cohort_order,cohort_id,provider,source_type,source_year,capture_period_description,source_endpoint,wayback_applicable,wayback_publication_date,wayback_layer_id,wayback_version,arcgis_item_id,arcgis_item_url,wayback_tile_url,metadata_item_id,metadata_service_url,identification_scope,capture_date_scope
atlanta,Atlanta,1,2010_2016,Esri World Imagery Wayback,esri_wayback,2010,2010-01-01 to 2016-12-31,https://s3-us-west-2.amazonaws.com/config.maptiles.arcgis.com/waybackconfig.json,yes,2014-02-20,10,WB_2014_R01,903f0abe9c3b452dafe1ca5b8dd858b9,https://www.arcgis.com/home/item.html?id=903f0abe9c3b452dafe1ca5b8dd858b9,https://wayback.maptiles.arcgis.com/arcgis/rest/services/World_Imagery/WMTS/1.0.0/default028mm/MapServer/tile/10/{level}/{row}/{col},78e801fab4d24ab9a6053c7a461479be,https://metadata.maptiles.arcgis.com/arcgis/rest/services/World_Imagery_Metadata_2014_r01/MapServer,Selected map release; not exhaustive per-tile source verification,Source period; not a per-image capture-date distribution
atlanta,Atlanta,2,2017_2018,Esri World Imagery Wayback,esri_wayback,2017,2017-01-01 to 2018-12-31,https://s3-us-west-2.amazonaws.com/config.maptiles.arcgis.com/waybackconfig.json,yes,2018-04-11,20399,WB_2018_R05,9fc4b9df0cfa471daae1d217e0b07908,https://www.arcgis.com/home/item.html?id=9fc4b9df0cfa471daae1d217e0b07908,https://wayback.maptiles.arcgis.com/arcgis/rest/services/World_Imagery/WMTS/1.0.0/default028mm/MapServer/tile/20399/{level}/{row}/{col},69be066e024b4bcda0a99d09692caacb,https://metadata.maptiles.arcgis.com/arcgis/rest/services/World_Imagery_Metadata_2018_r05/MapServer,Selected map release; not exhaustive per-tile source verification,Source period; not a per-image capture-date distribution
atlanta,Atlanta,3,2019_2021,Esri World Imagery Wayback,esri_wayback,2019,2019-01-01 to 2021-12-31,https://s3-us-west-2.amazonaws.com/config.maptiles.arcgis.com/waybackconfig.json,yes,2020-10-14,119,WB_2020_R14,829656a742924e189e63bfc9fde75225,https://www.arcgis.com/home/item.html?id=829656a742924e189e63bfc9fde75225,https://wayback.maptiles.arcgis.com/arcgis/rest/services/World_Imagery/WMTS/1.0.0/default028mm/MapServer/tile/119/{level}/{row}/{col},73b47bbc112b498daf85d40fb972738a,https://metadata.maptiles.arcgis.com/arcgis/rest/services/World_Imagery_Metadata_2020_r14/MapServer,Selected map release; not exhaustive per-tile source verification,Source period; not a per-image capture-date distribution
atlanta,Atlanta,4,2022_2024,Esri World Imagery Wayback,esri_wayback,2022,2022-01-01 to 2024-12-31,https://s3-us-west-2.amazonaws.com/config.maptiles.arcgis.com/waybackconfig.json,yes,2023-06-29,47963,WB_2023_R06,992178c4e2cb416384dfb6339de5ac7a,https://www.arcgis.com/home/item.html?id=992178c4e2cb416384dfb6339de5ac7a,https://wayback.maptiles.arcgis.com/arcgis/rest/services/World_Imagery/WMTS/1.0.0/default028mm/MapServer/tile/47963/{level}/{row}/{col},8503715b6b8c4c7cbffa84b16918f36c,https://metadata.maptiles.arcgis.com/arcgis/rest/services/World_Imagery_Metadata_2023_r06/MapServer,Selected map release; not exhaustive per-tile source verification,Source period; not a per-image capture-date distribution
atlanta,Atlanta,5,2025_now,Esri World Imagery Wayback,esri_wayback,2025,2025-01-01 to 2026-08-24,https://s3-us-west-2.amazonaws.com/config.maptiles.arcgis.com/waybackconfig.json,yes,2026-08-05,26334,WB_2026_R07,106760699ba242daab4885c9b062a133,https://www.arcgis.com/home/item.html?id=106760699ba242daab4885c9b062a133,https://wayback.maptiles.arcgis.com/arcgis/rest/services/World_Imagery/WMTS/1.0.0/default028mm/MapServer/tile/26334/{level}/{row}/{col},b90fd4a2f39046bca2d6c04d884439e4,https://metadata.maptiles.arcgis.com/arcgis/rest/services/World_Imagery_Metadata_2026_r07/MapServer,Selected map release; not exhaustive per-tile source verification,Source period; not a per-image capture-date distribution
boston,Boston,1,2011_2012,MassGIS,arcgis_cached_tiles,"[2011,2012]","2011,2012",https://tiles.arcgis.com/tiles/hGdibHYSPO59RG1h/arcgis/rest/services/DigitalGlobe_2011_2012/MapServer,no,,,,,,,,,Provider source year and service; Wayback fields not applicable,Source period; not a per-image capture-date distribution
boston,Boston,2,2013_2014,MassGIS,arcgis_cached_tiles,"[2013,2014]","2013,2014",https://tiles.arcgis.com/tiles/hGdibHYSPO59RG1h/arcgis/rest/services/USGS_Orthos_2013_2014/MapServer,no,,,,,,,,,Provider source year and service; Wayback fields not applicable,Source period; not a per-image capture-date distribution
boston,Boston,3,2019,MassGIS,arcgis_cached_tiles,2019,2019,https://tiles.arcgis.com/tiles/hGdibHYSPO59RG1h/arcgis/rest/services/USGS_Orthos_2019/MapServer,no,,,,,,,,,Provider source year and service; Wayback fields not applicable,Source period; not a per-image capture-date distribution
boston,Boston,4,2021,MassGIS,arcgis_cached_tiles,2021,2021,https://tiles.arcgis.com/tiles/hGdibHYSPO59RG1h/arcgis/rest/services/orthos2021/MapServer,no,,,,,,,,,Provider source year and service; Wayback fields not applicable,Source period; not a per-image capture-date distribution
boston,Boston,5,2023,MassGIS,arcgis_cached_tiles,2023,2023,https://tiles.arcgis.com/tiles/hGdibHYSPO59RG1h/arcgis/rest/services/orthos2023/MapServer,no,,,,,,,,,Provider source year and service; Wayback fields not applicable,Source period; not a per-image capture-date distribution
boston,Boston,6,2025,MassGIS,arcgis_cached_tiles,2025,2025,https://tiles.arcgis.com/tiles/hGdibHYSPO59RG1h/arcgis/rest/services/Massachusetts_Aerial_Imagery_2025/MapServer,no,,,,,,,,,Provider source year and service; Wayback fields not applicable,Source period; not a per-image capture-date distribution
charlotte,Charlotte,1,2010_2013,NC OneMap Orthoimagery Program,nconemap_official_sid,2010,2010 statewide collection,https://services5.arcgis.com/mSDBiLWaIfH92NqI/arcgis/rest/services/Orthoimagery_tile_downloads_gdb/FeatureServer/0,no,,,,,,,,,Provider source year and service; Wayback fields not applicable,Source period; not a per-image capture-date distribution
charlotte,Charlotte,2,2014_2017,NC OneMap Orthoimagery Program,nconemap_official_sid,2015,2015-02-14 to 2015-03-16,https://services5.arcgis.com/mSDBiLWaIfH92NqI/arcgis/rest/services/Orthoimagery_tile_downloads_gdb/FeatureServer/0,no,,,,,,,,,Provider source year and service; Wayback fields not applicable,Source period; not a per-image capture-date distribution
charlotte,Charlotte,3,2018_2021,NC OneMap Orthoimagery Program,nconemap_official_sid,2019,2019-02-01 to 2019-02-05,https://services5.arcgis.com/mSDBiLWaIfH92NqI/arcgis/rest/services/Orthoimagery_tile_downloads_gdb/FeatureServer/0,no,,,,,,,,,Provider source year and service; Wayback fields not applicable,Source period; not a per-image capture-date distribution
charlotte,Charlotte,4,2022_now,NC OneMap Orthoimagery Program,nconemap_official_sid,2023,2023-02-18 to 2023-03-04,https://services5.arcgis.com/mSDBiLWaIfH92NqI/arcgis/rest/services/Orthoimagery_tile_downloads_gdb/FeatureServer/0,no,,,,,,,,,Provider source year and service; Wayback fields not applicable,Source period; not a per-image capture-date distribution
chicago,Chicago,1,2010,Cook County GIS,,2010,,https://gis.cookcountyil.gov/imagery/rest/services/CookOrtho2010/ImageServer,no,,,,,,,,,Provider source year and service; Wayback fields not applicable,Source period; not a per-image capture-date distribution
chicago,Chicago,2,2014,Cook County GIS,,2014,,https://gis.cookcountyil.gov/imagery/rest/services/CookOrtho2014/ImageServer,no,,,,,,,,,Provider source year and service; Wayback fields not applicable,Source period; not a per-image capture-date distribution
chicago,Chicago,3,2018,Cook County GIS,,2018,,https://gis.cookcountyil.gov/imagery/rest/services/CookOrtho2018/ImageServer,no,,,,,,,,,Provider source year and service; Wayback fields not applicable,Source period; not a per-image capture-date distribution
chicago,Chicago,4,2021,Cook County GIS,,2021,,https://gis.cookcountyil.gov/imagery/rest/services/CookOrtho2021/ImageServer,no,,,,,,,,,Provider source year and service; Wayback fields not applicable,Source period; not a per-image capture-date distribution
chicago,Chicago,5,2023,Cook County GIS,,2023,,https://gis.cookcountyil.gov/imagery/rest/services/CookOrtho2023/ImageServer,no,,,,,,,,,Provider source year and service; Wayback fields not applicable,Source period; not a per-image capture-date distribution
chicago,Chicago,6,2025,Cook County GIS,,2025,,https://gis.cookcountyil.gov/imagery/rest/services/CookOrtho2025/ImageServer,no,,,,,,,,,Provider source year and service; Wayback fields not applicable,Source period; not a per-image capture-date distribution
dallas,Dallas,1,2010,Esri World Imagery Wayback,esri_wayback,2010,2010-01-01 to 2014-12-31,https://s3-us-west-2.amazonaws.com/config.maptiles.arcgis.com/waybackconfig.json,yes,2014-02-20,10,WB_2014_R01,903f0abe9c3b452dafe1ca5b8dd858b9,https://www.arcgis.com/home/item.html?id=903f0abe9c3b452dafe1ca5b8dd858b9,https://wayback.maptiles.arcgis.com/arcgis/rest/services/World_Imagery/WMTS/1.0.0/default028mm/MapServer/tile/10/{level}/{row}/{col},78e801fab4d24ab9a6053c7a461479be,https://metadata.maptiles.arcgis.com/arcgis/rest/services/World_Imagery_Metadata_2014_r01/MapServer,Selected map release; not exhaustive per-tile source verification,Source period; not a per-image capture-date distribution
dallas,Dallas,2,2015,Esri World Imagery Wayback,esri_wayback,2015,2015-01-01 to 2017-12-31,https://s3-us-west-2.amazonaws.com/config.maptiles.arcgis.com/waybackconfig.json,yes,2016-07-20,5097,WB_2016_R13,b75ef272f7f14e9c9cd7a96f0b5827c0,https://www.arcgis.com/home/item.html?id=b75ef272f7f14e9c9cd7a96f0b5827c0,https://wayback.maptiles.arcgis.com/arcgis/rest/services/World_Imagery/WMTS/1.0.0/default028mm/MapServer/tile/5097/{level}/{row}/{col},d5fec7bb1090452bb215aaf248e38133,https://metadata.maptiles.arcgis.com/arcgis/rest/services/World_Imagery_Metadata_2016_r13/MapServer,Selected map release; not exhaustive per-tile source verification,Source period; not a per-image capture-date distribution
dallas,Dallas,3,2018,Esri World Imagery Wayback,esri_wayback,2018,2018-01-01 to 2019-12-31,https://s3-us-west-2.amazonaws.com/config.maptiles.arcgis.com/waybackconfig.json,yes,2019-07-17,16681,WB_2019_R09,7c1935f664f148bdb36678becaf6c831,https://www.arcgis.com/home/item.html?id=7c1935f664f148bdb36678becaf6c831,https://wayback.maptiles.arcgis.com/arcgis/rest/services/World_Imagery/WMTS/1.0.0/default028mm/MapServer/tile/16681/{level}/{row}/{col},2358815e9a5a4e4191a5e4450038e75d,https://metadata.maptiles.arcgis.com/arcgis/rest/services/World_Imagery_Metadata_2019_r09/MapServer,Selected map release; not exhaustive per-tile source verification,Source period; not a per-image capture-date distribution
dallas,Dallas,4,2020,Esri World Imagery Wayback,esri_wayback,2020,2020-01-01 to 2021-12-31,https://s3-us-west-2.amazonaws.com/config.maptiles.arcgis.com/waybackconfig.json,yes,2021-04-28,27659,WB_2021_R06,fd65d845e2e44b5098366a46fea489a6,https://www.arcgis.com/home/item.html?id=fd65d845e2e44b5098366a46fea489a6,https://wayback.maptiles.arcgis.com/arcgis/rest/services/World_Imagery/WMTS/1.0.0/default028mm/MapServer/tile/27659/{level}/{row}/{col},b874b1ebbfb246a6a20fee954790b767,https://metadata.maptiles.arcgis.com/arcgis/rest/services/World_Imagery_Metadata_2021_r06/MapServer,Selected map release; not exhaustive per-tile source verification,Source period; not a per-image capture-date distribution
dallas,Dallas,5,2022,Esri World Imagery Wayback,esri_wayback,2022,2022-01-01 to 2024-12-31,https://s3-us-west-2.amazonaws.com/config.maptiles.arcgis.com/waybackconfig.json,yes,2023-06-29,47963,WB_2023_R06,992178c4e2cb416384dfb6339de5ac7a,https://www.arcgis.com/home/item.html?id=992178c4e2cb416384dfb6339de5ac7a,https://wayback.maptiles.arcgis.com/arcgis/rest/services/World_Imagery/WMTS/1.0.0/default028mm/MapServer/tile/47963/{level}/{row}/{col},8503715b6b8c4c7cbffa84b16918f36c,https://metadata.maptiles.arcgis.com/arcgis/rest/services/World_Imagery_Metadata_2023_r06/MapServer,Selected map release; not exhaustive per-tile source verification,Source period; not a per-image capture-date distribution
dallas,Dallas,6,2025,Esri World Imagery Wayback,esri_wayback,2025,2025-01-01 to 2026-08-24,https://s3-us-west-2.amazonaws.com/config.maptiles.arcgis.com/waybackconfig.json,yes,2026-08-05,26334,WB_2026_R07,106760699ba242daab4885c9b062a133,https://www.arcgis.com/home/item.html?id=106760699ba242daab4885c9b062a133,https://wayback.maptiles.arcgis.com/arcgis/rest/services/World_Imagery/WMTS/1.0.0/default028mm/MapServer/tile/26334/{level}/{row}/{col},b90fd4a2f39046bca2d6c04d884439e4,https://metadata.maptiles.arcgis.com/arcgis/rest/services/World_Imagery_Metadata_2026_r07/MapServer,Selected map release; not exhaustive per-tile source verification,Source period; not a per-image capture-date distribution
denver,Denver,1,2010_2012,Denver Regional Council of Governments,drcog_official_tiff,2010,April 2010,https://gis.drcog.org/server/rest/services/RDC/tiff_2010_index/MapServer/0,no,,,,,,,,,Provider source year and service; Wayback fields not applicable,Source period; not a per-image capture-date distribution
denver,Denver,2,2013_2016,Denver Regional Council of Governments,drcog_official_tiff,2014,March 2014,https://gis.drcog.org/server/rest/services/RDC/tiff_2014_index/MapServer/0,no,,,,,,,,,Provider source year and service; Wayback fields not applicable,Source period; not a per-image capture-date distribution
denver,Denver,3,2017_2020,Denver Regional Council of Governments,drcog_official_tiff,2018,March 2018,https://gis.drcog.org/server/rest/services/RDC/tiff_2018_index/MapServer/0,no,,,,,,,,,Provider source year and service; Wayback fields not applicable,Source period; not a per-image capture-date distribution
denver,Denver,4,2021_2024,Denver Regional Council of Governments,drcog_official_tiff,2022,2022 DRAPP project,https://gis.drcog.org/server/rest/services/RDC/tiff_2022_index/MapServer/0,no,,,,,,,,,Provider source year and service; Wayback fields not applicable,Source period; not a per-image capture-date distribution
denver,Denver,5,2025_now,Esri World Imagery Wayback,esri_wayback,2025,2025-01-01 to 2026-08-26,https://s3-us-west-2.amazonaws.com/config.maptiles.arcgis.com/waybackconfig.json,yes,2026-08-05,26334,WB_2026_R07,106760699ba242daab4885c9b062a133,https://www.arcgis.com/home/item.html?id=106760699ba242daab4885c9b062a133,https://wayback.maptiles.arcgis.com/arcgis/rest/services/World_Imagery/WMTS/1.0.0/default028mm/MapServer/tile/26334/{level}/{row}/{col},b90fd4a2f39046bca2d6c04d884439e4,https://metadata.maptiles.arcgis.com/arcgis/rest/services/World_Imagery_Metadata_2026_r07/MapServer,Selected map release; not exhaustive per-tile source verification,Source period; not a per-image capture-date distribution
detroit,Detroit,1,2010_2014,Esri World Imagery Wayback,esri_wayback,2010,2010-01-01 to 2014-12-31,https://s3-us-west-2.amazonaws.com/config.maptiles.arcgis.com/waybackconfig.json,yes,2014-02-20,10,WB_2014_R01,903f0abe9c3b452dafe1ca5b8dd858b9,https://www.arcgis.com/home/item.html?id=903f0abe9c3b452dafe1ca5b8dd858b9,https://wayback.maptiles.arcgis.com/arcgis/rest/services/World_Imagery/WMTS/1.0.0/default028mm/MapServer/tile/10/{level}/{row}/{col},78e801fab4d24ab9a6053c7a461479be,https://metadata.maptiles.arcgis.com/arcgis/rest/services/World_Imagery_Metadata_2014_r01/MapServer,Selected map release; not exhaustive per-tile source verification,Source period; not a per-image capture-date distribution
detroit,Detroit,2,2015_2018,Esri World Imagery Wayback,esri_wayback,2015,2015-01-01 to 2018-12-31,https://s3-us-west-2.amazonaws.com/config.maptiles.arcgis.com/waybackconfig.json,yes,2016-12-20,18966,WB_2016_R22,4658a63f59764dceaaa5d5dc68428d57,https://www.arcgis.com/home/item.html?id=4658a63f59764dceaaa5d5dc68428d57,https://wayback.maptiles.arcgis.com/arcgis/rest/services/World_Imagery/WMTS/1.0.0/default028mm/MapServer/tile/18966/{level}/{row}/{col},bf48492111ae4ba4b5de004435ad5709,https://metadata.maptiles.arcgis.com/arcgis/rest/services/World_Imagery_Metadata_2016_r22/MapServer,Selected map release; not exhaustive per-tile source verification,Source period; not a per-image capture-date distribution
detroit,Detroit,3,2019_2021,Esri World Imagery Wayback,esri_wayback,2019,2019-01-01 to 2021-12-31,https://s3-us-west-2.amazonaws.com/config.maptiles.arcgis.com/waybackconfig.json,yes,2020-03-23,16062,WB_2020_R04,fe3e91f4213b48d194b95d8d20959b47,https://www.arcgis.com/home/item.html?id=fe3e91f4213b48d194b95d8d20959b47,https://wayback.maptiles.arcgis.com/arcgis/rest/services/World_Imagery/WMTS/1.0.0/default028mm/MapServer/tile/16062/{level}/{row}/{col},6c094de634be404f9335a4992f30fb68,https://metadata.maptiles.arcgis.com/arcgis/rest/services/World_Imagery_Metadata_2020_r04/MapServer,Selected map release; not exhaustive per-tile source verification,Source period; not a per-image capture-date distribution
detroit,Detroit,4,2022_2024,Esri World Imagery Wayback,esri_wayback,2022,2022-01-01 to 2024-12-31,https://s3-us-west-2.amazonaws.com/config.maptiles.arcgis.com/waybackconfig.json,yes,2023-08-10,17632,WB_2023_R07,644d1ef5d7eb45fe97d4c4e12dc54cf8,https://www.arcgis.com/home/item.html?id=644d1ef5d7eb45fe97d4c4e12dc54cf8,https://wayback.maptiles.arcgis.com/arcgis/rest/services/World_Imagery/WMTS/1.0.0/default028mm/MapServer/tile/17632/{level}/{row}/{col},ab3cc12d5cea468b9fb32719f845ad27,https://metadata.maptiles.arcgis.com/arcgis/rest/services/World_Imagery_Metadata_2023_r07/MapServer,Selected map release; not exhaustive per-tile source verification,Source period; not a per-image capture-date distribution
detroit,Detroit,5,2025_now,Esri World Imagery Wayback,esri_wayback,2025,2025-01-01 to 2026-08-26,https://s3-us-west-2.amazonaws.com/config.maptiles.arcgis.com/waybackconfig.json,yes,2026-08-05,26334,WB_2026_R07,106760699ba242daab4885c9b062a133,https://www.arcgis.com/home/item.html?id=106760699ba242daab4885c9b062a133,https://wayback.maptiles.arcgis.com/arcgis/rest/services/World_Imagery/WMTS/1.0.0/default028mm/MapServer/tile/26334/{level}/{row}/{col},b90fd4a2f39046bca2d6c04d884439e4,https://metadata.maptiles.arcgis.com/arcgis/rest/services/World_Imagery_Metadata_2026_r07/MapServer,Selected map release; not exhaustive per-tile source verification,Source period; not a per-image capture-date distribution
los_angeles,Los Angeles,1,2010_2015,Esri World Imagery Wayback,wayback_temporal_v1,2010,2010-01-01,https://wayback.maptiles.arcgis.com/arcgis/rest/services/World_Imagery/WMTS/1.0.0/default028mm/MapServer/tile/10/{level}/{row}/{col},yes,2014-02-20,10,WB_2014_R01,903f0abe9c3b452dafe1ca5b8dd858b9,https://www.arcgis.com/home/item.html?id=903f0abe9c3b452dafe1ca5b8dd858b9,https://wayback.maptiles.arcgis.com/arcgis/rest/services/World_Imagery/WMTS/1.0.0/default028mm/MapServer/tile/10/{level}/{row}/{col},78e801fab4d24ab9a6053c7a461479be,https://metadata.maptiles.arcgis.com/arcgis/rest/services/World_Imagery_Metadata_2014_r01/MapServer,Selected map release; not exhaustive per-tile source verification,Source period; not a per-image capture-date distribution
los_angeles,Los Angeles,2,2016_2018,Esri World Imagery Wayback,wayback_temporal_v1,2016,2016-01-01,https://wayback.maptiles.arcgis.com/arcgis/rest/services/World_Imagery/WMTS/1.0.0/default028mm/MapServer/tile/13161/{level}/{row}/{col},yes,2018-01-08,13161,WB_2017_R21,d722c8eca54d4adb8087870f5ca0ef78,https://www.arcgis.com/home/item.html?id=d722c8eca54d4adb8087870f5ca0ef78,https://wayback.maptiles.arcgis.com/arcgis/rest/services/World_Imagery/WMTS/1.0.0/default028mm/MapServer/tile/13161/{level}/{row}/{col},c3fe9d9926454757b79710159519772f,https://metadata.maptiles.arcgis.com/arcgis/rest/services/World_Imagery_Metadata_2017_r21/MapServer,Selected map release; not exhaustive per-tile source verification,Source period; not a per-image capture-date distribution
los_angeles,Los Angeles,3,2019_2021,Esri World Imagery Wayback,wayback_temporal_v1,2019,2019-01-01,https://wayback.maptiles.arcgis.com/arcgis/rest/services/World_Imagery/WMTS/1.0.0/default028mm/MapServer/tile/47963/{level}/{row}/{col},yes,2023-06-29,47963,WB_2023_R06,992178c4e2cb416384dfb6339de5ac7a,https://www.arcgis.com/home/item.html?id=992178c4e2cb416384dfb6339de5ac7a,https://wayback.maptiles.arcgis.com/arcgis/rest/services/World_Imagery/WMTS/1.0.0/default028mm/MapServer/tile/47963/{level}/{row}/{col},8503715b6b8c4c7cbffa84b16918f36c,https://metadata.maptiles.arcgis.com/arcgis/rest/services/World_Imagery_Metadata_2023_r06/MapServer,Selected map release; not exhaustive per-tile source verification,Source period; not a per-image capture-date distribution
los_angeles,Los Angeles,4,2022_2024,Esri World Imagery Wayback,wayback_temporal_v1,2022,2022-01-01,https://wayback.maptiles.arcgis.com/arcgis/rest/services/World_Imagery/WMTS/1.0.0/default028mm/MapServer/tile/32553/{level}/{row}/{col},yes,2024-08-15,32553,WB_2024_R08,33ad336639c24e7b879de1e81cdfa667,https://www.arcgis.com/home/item.html?id=33ad336639c24e7b879de1e81cdfa667,https://wayback.maptiles.arcgis.com/arcgis/rest/services/World_Imagery/WMTS/1.0.0/default028mm/MapServer/tile/32553/{level}/{row}/{col},4be2d30c33fa4d5cb3884ebe53c2a74b,https://metadata.maptiles.arcgis.com/arcgis/rest/services/World_Imagery_Metadata_2024_r08/MapServer,Selected map release; not exhaustive per-tile source verification,Source period; not a per-image capture-date distribution
los_angeles,Los Angeles,5,2025_now,Esri World Imagery Wayback,wayback_temporal_v1,2025,2025-01-01,https://wayback.maptiles.arcgis.com/arcgis/rest/services/World_Imagery/WMTS/1.0.0/default028mm/MapServer/tile/26334/{level}/{row}/{col},yes,2026-08-05,26334,WB_2026_R07,106760699ba242daab4885c9b062a133,https://www.arcgis.com/home/item.html?id=106760699ba242daab4885c9b062a133,https://wayback.maptiles.arcgis.com/arcgis/rest/services/World_Imagery/WMTS/1.0.0/default028mm/MapServer/tile/26334/{level}/{row}/{col},b90fd4a2f39046bca2d6c04d884439e4,https://metadata.maptiles.arcgis.com/arcgis/rest/services/World_Imagery_Metadata_2026_r07/MapServer,Selected map release; not exhaustive per-tile source verification,Source period; not a per-image capture-date distribution
miami,Miami,1,2010_2012,Esri World Imagery Wayback,esri_wayback,2010,2010-01-01 to 2012-12-31,https://s3-us-west-2.amazonaws.com/config.maptiles.arcgis.com/waybackconfig.json,yes,2014-02-20,10,WB_2014_R01,903f0abe9c3b452dafe1ca5b8dd858b9,https://www.arcgis.com/home/item.html?id=903f0abe9c3b452dafe1ca5b8dd858b9,https://wayback.maptiles.arcgis.com/arcgis/rest/services/World_Imagery/WMTS/1.0.0/default028mm/MapServer/tile/10/{level}/{row}/{col},78e801fab4d24ab9a6053c7a461479be,https://metadata.maptiles.arcgis.com/arcgis/rest/services/World_Imagery_Metadata_2014_r01/MapServer,Selected map release; not exhaustive per-tile source verification,Source period; not a per-image capture-date distribution
miami,Miami,2,2013_2015,Esri World Imagery Wayback,esri_wayback,2013,2013-01-01 to 2015-12-31,https://s3-us-west-2.amazonaws.com/config.maptiles.arcgis.com/waybackconfig.json,yes,2016-08-11,23601,WB_2016_R14,db4f466b0a33403f99be46f36c2bf674,https://www.arcgis.com/home/item.html?id=db4f466b0a33403f99be46f36c2bf674,https://wayback.maptiles.arcgis.com/arcgis/rest/services/World_Imagery/WMTS/1.0.0/default028mm/MapServer/tile/23601/{level}/{row}/{col},621d5e5fc63a428e9ac6af1e4f215bfb,https://metadata.maptiles.arcgis.com/arcgis/rest/services/World_Imagery_Metadata_2016_r14/MapServer,Selected map release; not exhaustive per-tile source verification,Source period; not a per-image capture-date distribution
miami,Miami,3,2016_2018,Esri World Imagery Wayback,esri_wayback,2016,2016-01-01 to 2018-12-31,https://s3-us-west-2.amazonaws.com/config.maptiles.arcgis.com/waybackconfig.json,yes,2018-09-26,14426,WB_2018_R13,de2b6cae87d3458c844446123ec6e05f,https://www.arcgis.com/home/item.html?id=de2b6cae87d3458c844446123ec6e05f,https://wayback.maptiles.arcgis.com/arcgis/rest/services/World_Imagery/WMTS/1.0.0/default028mm/MapServer/tile/14426/{level}/{row}/{col},3b5305c60d654b0e8747b454673a6414,https://metadata.maptiles.arcgis.com/arcgis/rest/services/World_Imagery_Metadata_2018_r13/MapServer,Selected map release; not exhaustive per-tile source verification,Source period; not a per-image capture-date distribution
miami,Miami,4,2019_2021,Esri World Imagery Wayback,esri_wayback,2019,2019-01-01 to 2021-12-31,https://s3-us-west-2.amazonaws.com/config.maptiles.arcgis.com/waybackconfig.json,yes,2022-03-16,10321,WB_2022_R03,daf056c20b504f848109f09ca6b4ae94,https://www.arcgis.com/home/item.html?id=daf056c20b504f848109f09ca6b4ae94,https://wayback.maptiles.arcgis.com/arcgis/rest/services/World_Imagery/WMTS/1.0.0/default028mm/MapServer/tile/10321/{level}/{row}/{col},5c8314beb7ba43e19534464bfc812738,https://metadata.maptiles.arcgis.com/arcgis/rest/services/World_Imagery_Metadata_2022_r03/MapServer,Selected map release; not exhaustive per-tile source verification,Source period; not a per-image capture-date distribution
miami,Miami,5,2024_now,Esri World Imagery Wayback,esri_wayback,2024,2024-01-01 to 2026-08-26,https://s3-us-west-2.amazonaws.com/config.maptiles.arcgis.com/waybackconfig.json,yes,2026-08-05,26334,WB_2026_R07,106760699ba242daab4885c9b062a133,https://www.arcgis.com/home/item.html?id=106760699ba242daab4885c9b062a133,https://wayback.maptiles.arcgis.com/arcgis/rest/services/World_Imagery/WMTS/1.0.0/default028mm/MapServer/tile/26334/{level}/{row}/{col},b90fd4a2f39046bca2d6c04d884439e4,https://metadata.maptiles.arcgis.com/arcgis/rest/services/World_Imagery_Metadata_2026_r07/MapServer,Selected map release; not exhaustive per-tile source verification,Source period; not a per-image capture-date distribution
minneapolis,Minneapolis,1,2010_2014,Esri World Imagery Wayback,esri_wayback,2010,2010-01-01 to 2014-12-31,https://s3-us-west-2.amazonaws.com/config.maptiles.arcgis.com/waybackconfig.json,yes,2014-02-20,10,WB_2014_R01,903f0abe9c3b452dafe1ca5b8dd858b9,https://www.arcgis.com/home/item.html?id=903f0abe9c3b452dafe1ca5b8dd858b9,https://wayback.maptiles.arcgis.com/arcgis/rest/services/World_Imagery/WMTS/1.0.0/default028mm/MapServer/tile/10/{level}/{row}/{col},78e801fab4d24ab9a6053c7a461479be,https://metadata.maptiles.arcgis.com/arcgis/rest/services/World_Imagery_Metadata_2014_r01/MapServer,Selected map release; not exhaustive per-tile source verification,Source period; not a per-image capture-date distribution
minneapolis,Minneapolis,2,2015_2017,Esri World Imagery Wayback,esri_wayback,2015,2015-01-01 to 2017-12-31,https://s3-us-west-2.amazonaws.com/config.maptiles.arcgis.com/waybackconfig.json,yes,2017-08-30,25379,WB_2017_R15,20c760aa5cec450a9b32d72340f4959e,https://www.arcgis.com/home/item.html?id=20c760aa5cec450a9b32d72340f4959e,https://wayback.maptiles.arcgis.com/arcgis/rest/services/World_Imagery/WMTS/1.0.0/default028mm/MapServer/tile/25379/{level}/{row}/{col},9318898a502c42a3af98ff9515ad9779,https://metadata.maptiles.arcgis.com/arcgis/rest/services/World_Imagery_Metadata_2017_r15/MapServer,Selected map release; not exhaustive per-tile source verification,Source period; not a per-image capture-date distribution
minneapolis,Minneapolis,3,2017_2019,Esri World Imagery Wayback,esri_wayback,2017,2017-01-01 to 2019-12-31,https://s3-us-west-2.amazonaws.com/config.maptiles.arcgis.com/waybackconfig.json,yes,2019-12-12,4756,WB_2019_R16,65380822d9024a578d57f49c804d8e82,https://www.arcgis.com/home/item.html?id=65380822d9024a578d57f49c804d8e82,https://wayback.maptiles.arcgis.com/arcgis/rest/services/World_Imagery/WMTS/1.0.0/default028mm/MapServer/tile/4756/{level}/{row}/{col},18a4da2c0f80418297f679b43852e6e6,https://metadata.maptiles.arcgis.com/arcgis/rest/services/World_Imagery_Metadata_2019_r16/MapServer,Selected map release; not exhaustive per-tile source verification,Source period; not a per-image capture-date distribution
minneapolis,Minneapolis,4,2019_2021,Esri World Imagery Wayback,esri_wayback,2019,2019-01-01 to 2021-12-31,https://s3-us-west-2.amazonaws.com/config.maptiles.arcgis.com/waybackconfig.json,yes,2021-11-30,48624,WB_2021_R16,48cfb40af03449aea6ebc92207ef9300,https://www.arcgis.com/home/item.html?id=48cfb40af03449aea6ebc92207ef9300,https://wayback.maptiles.arcgis.com/arcgis/rest/services/World_Imagery/WMTS/1.0.0/default028mm/MapServer/tile/48624/{level}/{row}/{col},db9db69b4f6c476683bbdceddd17c582,https://metadata.maptiles.arcgis.com/arcgis/rest/services/World_Imagery_Metadata_2021_r16/MapServer,Selected map release; not exhaustive per-tile source verification,Source period; not a per-image capture-date distribution
minneapolis,Minneapolis,5,2022_now,Esri World Imagery Wayback,esri_wayback,2022,2022-01-01 to 2026-08-26,https://s3-us-west-2.amazonaws.com/config.maptiles.arcgis.com/waybackconfig.json,yes,2026-08-05,26334,WB_2026_R07,106760699ba242daab4885c9b062a133,https://www.arcgis.com/home/item.html?id=106760699ba242daab4885c9b062a133,https://wayback.maptiles.arcgis.com/arcgis/rest/services/World_Imagery/WMTS/1.0.0/default028mm/MapServer/tile/26334/{level}/{row}/{col},b90fd4a2f39046bca2d6c04d884439e4,https://metadata.maptiles.arcgis.com/arcgis/rest/services/World_Imagery_Metadata_2026_r07/MapServer,Selected map release; not exhaustive per-tile source verification,Source period; not a per-image capture-date distribution
new_york_city,New York City,1,cohort_nyc_2010,NYS ITS Geospatial Services,,2010,,https://gisdata.ny.gov/ortho/nysdop5/new_york_city/spcs/zips/,no,,,,,,,,,Provider source year and service; Wayback fields not applicable,Source period; not a per-image capture-date distribution
new_york_city,New York City,2,cohort_nyc_2014,NYS ITS Geospatial Services,,2014,,https://gisdata.ny.gov/ortho/nysdop7/new_york_city/spcs/zips/,no,,,,,,,,,Provider source year and service; Wayback fields not applicable,Source period; not a per-image capture-date distribution
new_york_city,New York City,3,cohort_nyc_2018,NYS ITS Geospatial Services,,2018,,https://gisdata.ny.gov/ortho/nysdop9/new_york_city/spcs/zips/,no,,,,,,,,,Provider source year and service; Wayback fields not applicable,Source period; not a per-image capture-date distribution
new_york_city,New York City,4,cohort_nyc_2020,NYS ITS Geospatial Services,,2020,,https://gisdata.ny.gov/ortho/nysdop10/new_york_city/spcs/zips/,no,,,,,,,,,Provider source year and service; Wayback fields not applicable,Source period; not a per-image capture-date distribution
new_york_city,New York City,5,cohort_nyc_2022,NYS ITS Geospatial Services,,2022,,https://gisdata.ny.gov/ortho/nysdop11/new_york_city/spcs/zips/,no,,,,,,,,,Provider source year and service; Wayback fields not applicable,Source period; not a per-image capture-date distribution
new_york_city,New York City,6,cohort_nyc_2024,NYS ITS Geospatial Services,,2024,,https://gisdata.ny.gov/ortho/nysdop12/new_york_city/spcs/zips/,no,,,,,,,,,Provider source year and service; Wayback fields not applicable,Source period; not a per-image capture-date distribution
philadelphia,Philadelphia,1,2010_2011,City of Philadelphia via PASDA,pasda_official_zip,2010,2010 City of Philadelphia aerial photography,https://imagery.pasda.psu.edu/arcgis/rest/services/pasda/PhiladelphiaImagery2010/MapServer/4,no,,,,,,,,,Provider source year and service; Wayback fields not applicable,Source period; not a per-image capture-date distribution
philadelphia,Philadelphia,2,2012_2013,City of Philadelphia via PASDA,pasda_official_zip,2012,2012 City of Philadelphia aerial photography,https://imagery.pasda.psu.edu/arcgis/rest/services/pasda/PhiladelphiaImagery2012/MapServer/4,no,,,,,,,,,Provider source year and service; Wayback fields not applicable,Source period; not a per-image capture-date distribution
philadelphia,Philadelphia,3,2014_2016,City of Philadelphia via PASDA,pasda_official_zip,2015,2015 City of Philadelphia aerial photography,https://imagery.pasda.psu.edu/arcgis/rest/services/pasda/PhiladelphiaImagery2015/MapServer/4,no,,,,,,,,,Provider source year and service; Wayback fields not applicable,Source period; not a per-image capture-date distribution
philadelphia,Philadelphia,4,2017_2019,City of Philadelphia via PASDA,pasda_official_zip,2018,2018-04-01 to 2018-05-04,https://imagery.pasda.psu.edu/arcgis/rest/services/pasda/PhiladelphiaImagery2018/MapServer/4,no,,,,,,,,,Provider source year and service; Wayback fields not applicable,Source period; not a per-image capture-date distribution
philadelphia,Philadelphia,5,2020_2021,City of Philadelphia via PASDA,arcgis_official,2020,2020 April-May City of Philadelphia orthoimagery,https://imagery.pasda.psu.edu/arcgis/rest/services/pasda/PhiladelphiaImagery2020/MapServer,no,,,,,,,,,Provider source year and service; Wayback fields not applicable,Source period; not a per-image capture-date distribution
philadelphia,Philadelphia,6,2022_2024,City of Philadelphia via PASDA,arcgis_official,2023,2023 April-May City of Philadelphia orthoimagery,https://imagery.pasda.psu.edu/arcgis/rest/services/pasda/PhiladelphiaImagery2023/MapServer,no,,,,,,,,,Provider source year and service; Wayback fields not applicable,Source period; not a per-image capture-date distribution
philadelphia,Philadelphia,7,2025_now,City of Philadelphia via PASDA,arcgis_official,2025,2025 April-May City of Philadelphia orthoimagery,https://imagery.pasda.psu.edu/arcgis/rest/services/pasda/PhiladelphiaImagery2025/MapServer,no,,,,,,,,,Provider source year and service; Wayback fields not applicable,Source period; not a per-image capture-date distribution
phoenix,Phoenix,1,2010_2012,Maricopa County GIS,phoenix_official_cached,2010,2010-06 to 2010-09,https://gis.maricopa.gov/imagery/rest/services/Aerial2010Jun2010SepOrtho/MapServer,no,,,,,,,,,Provider source year and service; Wayback fields not applicable,Source period; not a per-image capture-date distribution
phoenix,Phoenix,2,2013_2015,Maricopa County GIS,phoenix_official_cached,2013,2013-09 to 2013-11,https://gis.maricopa.gov/imagery/rest/services/Aerial2013Sep2013NovOrtho/MapServer,no,,,,,,,,,Provider source year and service; Wayback fields not applicable,Source period; not a per-image capture-date distribution
phoenix,Phoenix,3,2016_2017,Maricopa County GIS,phoenix_official_cached,2016,2016-09 to 2016-12,https://gis.maricopa.gov/imagery/rest/services/Aerial2016Sep2016DecOrtho/MapServer,no,,,,,,,,,Provider source year and service; Wayback fields not applicable,Source period; not a per-image capture-date distribution
phoenix,Phoenix,4,2018_2020,Maricopa County GIS,phoenix_official_cached,2018,2018-09 to 2018-12,https://gis.maricopa.gov/imagery/rest/services/Aerial2018Sep2018DecOrtho/MapServer,no,,,,,,,,,Provider source year and service; Wayback fields not applicable,Source period; not a per-image capture-date distribution
phoenix,Phoenix,5,2021_2023,Maricopa County GIS,phoenix_official_cached,2021,2021-09 to 2021-11,https://gis.maricopa.gov/imagery/rest/services/Aerial2021Sep2021NovOrtho/MapServer,no,,,,,,,,,Provider source year and service; Wayback fields not applicable,Source period; not a per-image capture-date distribution
phoenix,Phoenix,6,2024_now,Maricopa County GIS,phoenix_official_cached,2024,2024-09 to 2024-10,https://gis.maricopa.gov/imagery/rest/services/Aerial2024Sep2024OctOrtho/MapServer,no,,,,,,,,,Provider source year and service; Wayback fields not applicable,Source period; not a per-image capture-date distribution
seattle,Seattle,1,2010_2016,Esri World Imagery Wayback,esri_wayback,2010,2010-01-01 to 2016-12-31,https://s3-us-west-2.amazonaws.com/config.maptiles.arcgis.com/waybackconfig.json,yes,2017-06-14,14765,WB_2017_R11,7e739dee52d745c9ace1883131cd8c0a,https://www.arcgis.com/home/item.html?id=7e739dee52d745c9ace1883131cd8c0a,https://wayback.maptiles.arcgis.com/arcgis/rest/services/World_Imagery/WMTS/1.0.0/default028mm/MapServer/tile/14765/{level}/{row}/{col},8673474d256440a7b173c46f56c0cb23,https://metadata.maptiles.arcgis.com/arcgis/rest/services/World_Imagery_Metadata_2017_r11/MapServer,Selected map release; not exhaustive per-tile source verification,Source period; not a per-image capture-date distribution
seattle,Seattle,2,2017_2019,Esri World Imagery Wayback,esri_wayback,2017,2017-01-01 to 2019-12-31,https://s3-us-west-2.amazonaws.com/config.maptiles.arcgis.com/waybackconfig.json,yes,2019-12-12,4756,WB_2019_R16,65380822d9024a578d57f49c804d8e82,https://www.arcgis.com/home/item.html?id=65380822d9024a578d57f49c804d8e82,https://wayback.maptiles.arcgis.com/arcgis/rest/services/World_Imagery/WMTS/1.0.0/default028mm/MapServer/tile/4756/{level}/{row}/{col},18a4da2c0f80418297f679b43852e6e6,https://metadata.maptiles.arcgis.com/arcgis/rest/services/World_Imagery_Metadata_2019_r16/MapServer,Selected map release; not exhaustive per-tile source verification,Source period; not a per-image capture-date distribution
seattle,Seattle,3,2020_2021,Esri World Imagery Wayback,esri_wayback,2020,2020-01-01 to 2021-12-31,https://s3-us-west-2.amazonaws.com/config.maptiles.arcgis.com/waybackconfig.json,yes,2021-11-03,42403,WB_2021_R15,5c8dfc57e18c48d2916f4130a89b2c49,https://www.arcgis.com/home/item.html?id=5c8dfc57e18c48d2916f4130a89b2c49,https://wayback.maptiles.arcgis.com/arcgis/rest/services/World_Imagery/WMTS/1.0.0/default028mm/MapServer/tile/42403/{level}/{row}/{col},29189da079e440e6b0e048096779fb0d,https://metadata.maptiles.arcgis.com/arcgis/rest/services/World_Imagery_Metadata_2021_r15/MapServer,Selected map release; not exhaustive per-tile source verification,Source period; not a per-image capture-date distribution
seattle,Seattle,4,2022_2024,Esri World Imagery Wayback,esri_wayback,2022,2022-01-01 to 2024-12-31,https://s3-us-west-2.amazonaws.com/config.maptiles.arcgis.com/waybackconfig.json,yes,2022-11-02,7110,WB_2022_R14,5b7cef1b0dcc42698c1f52fb415f202c,https://www.arcgis.com/home/item.html?id=5b7cef1b0dcc42698c1f52fb415f202c,https://wayback.maptiles.arcgis.com/arcgis/rest/services/World_Imagery/WMTS/1.0.0/default028mm/MapServer/tile/7110/{level}/{row}/{col},2dd2822b55e84dc58f697981e2b0ef40,https://metadata.maptiles.arcgis.com/arcgis/rest/services/World_Imagery_Metadata_2022_r14/MapServer,Selected map release; not exhaustive per-tile source verification,Source period; not a per-image capture-date distribution
seattle,Seattle,5,2025_now,Esri World Imagery Wayback,esri_wayback,2025,2025-01-01 to 2026-08-25,https://s3-us-west-2.amazonaws.com/config.maptiles.arcgis.com/waybackconfig.json,yes,2026-08-05,26334,WB_2026_R07,106760699ba242daab4885c9b062a133,https://www.arcgis.com/home/item.html?id=106760699ba242daab4885c9b062a133,https://wayback.maptiles.arcgis.com/arcgis/rest/services/World_Imagery/WMTS/1.0.0/default028mm/MapServer/tile/26334/{level}/{row}/{col},b90fd4a2f39046bca2d6c04d884439e4,https://metadata.maptiles.arcgis.com/arcgis/rest/services/World_Imagery_Metadata_2026_r07/MapServer,Selected map release; not exhaustive per-tile source verification,Source period; not a per-image capture-date distribution
washington_dc,Washington DC,1,2010_2014,DC GIS,dc_gis_official_orthophotography,2013,,https://imagery.dcgis.dc.gov/dcgis/rest/services/Ortho/Ortho_2013/ImageServer,no,,,,,,,,,Provider source year and service; Wayback fields not applicable,Source period; not a per-image capture-date distribution
washington_dc,Washington DC,2,2015_2016,DC GIS,dc_gis_official_orthophotography,2015,,https://imagery.dcgis.dc.gov/dcgis/rest/services/Ortho/Ortho_2015/ImageServer,no,,,,,,,,,Provider source year and service; Wayback fields not applicable,Source period; not a per-image capture-date distribution
washington_dc,Washington DC,3,2017_2019,DC GIS,dc_gis_official_orthophotography,2019,,https://imagery.dcgis.dc.gov/dcgis/rest/services/Ortho/Ortho_2019/ImageServer,no,,,,,,,,,Provider source year and service; Wayback fields not applicable,Source period; not a per-image capture-date distribution
washington_dc,Washington DC,4,2020_2021,DC GIS,dc_gis_official_orthophotography,2021,,https://imagery.dcgis.dc.gov/dcgis/rest/services/Ortho/Ortho_2021/ImageServer,no,,,,,,,,,Provider source year and service; Wayback fields not applicable,Source period; not a per-image capture-date distribution
washington_dc,Washington DC,5,2022_2024,DC GIS,dc_gis_official_orthophotography,2023,,https://imagery.dcgis.dc.gov/dcgis/rest/services/Ortho/Ortho_2023/ImageServer,no,,,,,,,,,Provider source year and service; Wayback fields not applicable,Source period; not a per-image capture-date distribution
washington_dc,Washington DC,6,2025_now,DC GIS,dc_gis_official_orthophotography,2025,,https://imagery.dcgis.dc.gov/dcgis/rest/services/Ortho/Ortho_2025/ImageServer,no,,,,,,,,,Provider source year and service; Wayback fields not applicable,Source period; not a per-image capture-date distribution
